<?xml version="1.0" encoding="utf-8"?>
<Form>
  <!--DataTable:LanguageSetting-->
  <DataTable TableName="LanguageSetting" CountOfRows="5" CountOfColumns="5">
    <ClomunName Column0="ID" Column1="EN" Column2="TW" Column3="CN" Column4="VN" />
	<Row0 Column0="_Parameter" Column1="[Query Parameters]" Column2="创建日期" Column3="創建日期" Column4="[Nội dung tìm kiếm]" />
	<Row1 Column0="_Result" Column1="[Result]" Column2="到" Column3="到" Column4="Đến" />
	<Row2 Column0="lblLabName" Column1="Lab Name:" Column2="實驗室名稱：" Column3="实验室名称：" Column4="Phòng thí nghiệm:" />
	<Row3 Column0="lblSampleName" Column1="Sample Name:" Column2="樣品編號:" Column3="样品编号:" Column4="Tên mẫu:" />
	<Row4 Column0="lblTypeName" Column1="Type Name:" Column2="分類:" Column3="分类:" Column4="Loại mẫu:" />
	
  </DataTable>
  
  <!--GridTable:gridView1-->
  <GridTable TableName="gridView1" CountOfRows="7" CountOfColumns="5">
    <ClomunName Column0="ID" Column1="EN" Column2="CN" Column3="TW" Column4="VN" />
    <Row0 Column0="SampleDescription" Column1="SampleName" Column2="樣品名稱" Column3="样品名称" Column4="Tên mẫu" />
	<Row1 Column0="SampleName" Column1="SampleID" Column2="樣品編碼" Column3="样品编码" Column4="Mã mẫu" />
	<Row2 Column0="LabName" Column1="LabName" Column2="實驗室名稱" Column3="实验室名称" Column4="Phòng thí nghiệm" />
	<Row3 Column0="TypeName" Column1="TypeName" Column2="分類:" Column3="分类:" Column4="Loại mẫu" />
	<Row4 Column0="PropertyName" Column1="Property Name" Column2="屬性名稱" Column3="属性名称" Column4="Tên thuộc tính" />
	<Row5 Column0="Description_EN" Column1="Description_EN" Column2="描述EN" Column3="描述EN" Column4="Miêu tả (EN)" />
	<Row6 Column0="Description_TW" Column1="Description_TW" Column2="描述TW" Column3="描述TW" Column4="Miêu tả (TW)" />
	<Row7 Column0="Description_CN" Column1="Description_CN" Column2="描述CN" Column3="描述CN" Column4="Miêu tả (CN)" />
	<Row8 Column0="Description_VN" Column1="Description_VN" Column2="描述VN" Column3="备注" Column4="Miêu tả (VN)" />
	<Row9 Column0="Unit" Column1="Unit" Column2="單位" Column3="單位" Column4="Đơn vị" />
	<Row10 Column0="Prec" Column1="Prec" Column2="精度" Column3="精度" Column4="Độ chính xác" />
  </GridTable>

  
	</Form>
