<?xml version="1.0" encoding="utf-8"?>
<Form>
  <!--DataTable:LanguageSetting-->
  <DataTable TableName="LanguageSetting" CountOfRows="5" CountOfColumns="5">
    <ClomunName Column0="ID" Column1="EN" Column2="TW" Column3="CN" Column4="VN" />
	<Row0 Column0="lblSampleID" Column1="Sample ID:" Column2="样品编码:" Column3="樣品編碼:" Column4="Mã mẫu:" />
	<Row1 Column0="lblSampleName" Column1="SampleName:" Column2="样品名称:" Column3="樣品名稱:" Column4="Tên mẫu:" />
	<Row2 Column0="lblPropertyName" Column1="Property Name:" Column2="属性名称：" Column3="屬性名稱：" Column4="Tên thuộc tính:" />
	<Row3 Column0="lblTypeName" Column1="Type Name:" Column2="分類::" Column3="分类::" Column4="Phòng thí nghiệm:" />
	<Row4 Column0="lblDesEN" Column1="Description (EN) :" Column2="描述EN：" Column3="描述EN：" Column4="Thông tin miêu tả (EN) :" />
	<Row5 Column0="lblDesTW" Column1="DDescription (TW :" Column2="描述TW：:" Column3="描述TW：" Column4="Thông tin miêu tả (TW) :" />
	<Row6 Column0="lblDesCN" Column1="Description (CN) :" Column2="描述CN：:" Column3="描述CN：" Column4="Thông tin miêu tả (CN) :" />
	<Row7 Column0="lblDesVN" Column1="Description (VN) :" Column2="描述VN：" Column3="描述VN：" Column4="Thông tin miêu tả (VN) :" />
	<Row8 Column0="lblUnit" Column1="Unit:" Column2="單位:" Column3="单位:" Column4="Đơn vị:" />
	<Row9 Column0="lblPrecision" Column1="Precision:" Column2="精度：" Column3="精度：" Column4="Độ chính xác:" />
	<Row10 Column0="lblChineseNote" Column1="Chinese Notes:" Column2="備註CN:" Column3="备注CN:" Column4="Ghi chú (CN):" />
	<Row11 Column0="lblEnglishNote" Column1="English Notes:" Column2="備註EN：" Column3="备注EN：" Column4="Ghi chú (EN):" />
	<Row12 Column0="lblJapaneseNote" Column1="Japanese Notes:" Column2="備註JP：" Column3="备注JP：" Column4="Ghi chú (JP):" />
	<Row13 Column0="btSave" Column1="OK" Column2="確認" Column3="确认" Column4="Xác nhận" />
	<Row14 Column0="btCancel" Column1="Cancel" Column2="取消" Column3="取消" Column4="Hủy" />
	<Row15 Column0="lbReason" Column1="Please enter the information:" Column2="請輸入信​​息：" Column3="请输入信息：" Column4="Vui lòng nhập đầy đủ thông tin:" />
  </DataTable>


  
	</Form>
