﻿<?xml version="1.0" encoding="utf-8"?>
<Form>
  <!--DataTable:LanguageSetting-->
  <DataTable TableName="LanguageSetting" CountOfRows="11" CountOfColumns="5">
    <ClomunName Column0="ID" Column1="EN" Column2="CN" Column3="TW" Column4="VN" />
    <Row0 Column0="lblDateFrom" Column1="Date from:" Column2="区间日期:" Column3="區間日期" Column4="Từ ngày:" />
	<Row1 Column0="lblDateTo" Column1="To:" Column2="到:" Column3="到:" Column4="Đến:" />
	<Row2 Column0="lblMaterial" Column1="Material:" Column2="物料:" Column3="物料:" Column4="Mã vật liệu:" />
	<Row3 Column0="lblPlant" Column1="Plant:" Column2="工厂:" Column3="工廠:" Column4="Plant:" />
	<Row4 Column0="lblLocation" Column1="Location:" Column2="地点:" Column3="地點:" Column4="Vị trí:" />
	<Row5 Column0="lblGrade" Column1="Grade:" Column2="等级:" Column3="等級:" Column4="Grade:" />
	<Row6 Column0="lblGrades" Column1="Grades:" Column2="特代:" Column3="特代:" Column4="Grades:" />
	<Row7 Column0="lblLine" Column1="Line:" Column2="线别:" Column3="線別:" Column4="Line:" />
	<Row8 Column0="lblLastVouID" Column1="LastVouID:" Column2="单号:" Column3="單號:" Column4="Mã đơn:" />
	<Row9 Column0="lblBarcode" Column1="Barcode:" Column2="包号:" Column3="包號:" Column4="Mã vạch:" />
	<Row10 Column0="_ParameterPanel" Column1="[Parameters]" Column2="[批次参数]" Column3="[批次參數]" Column4="[Chi tiết vật liệu]" />
  </DataTable>
</Form>
