﻿<?xml version="1.0" encoding="utf-8"?>
<Form>
  <!--DataTable:LanguageSetting-->
  <DataTable TableName="LanguageSetting" CountOfRows="1" CountOfColumns="5">
  <ClomunName Column0="ID" Column1="EN" Column2="CN" Column3="TW" Column4="VN" />
    <Row0 Column0="_ShowDataPanel" Column1="UnFinish Information" Column2="未完成单据" Column3="未完成單據" Column4="Đơn đang làm dỡ" />
  </DataTable>
  
  <!--GridTable:gridView1-->
  <GridTable TableName="gridView1" CountOfRows="15" CountOfColumns="5">
    <ClomunName Column0="ID" Column1="EN" Column2="CN" Column3="TW" Column4="VN" />
	<Row1 Column0="VoucherID" Column1="VoucherID" Column2="单据号" Column3="單據號" Column4="Mã đơn" />
	<Row2 Column0="Accdate" Column1="Accdate" Column2="账期" Column3="賬期" Column4="Accdate" />
	<Row3 Column0="MaterialNO" Column1="MaterialNo" Column2="物料" Column3="物料" Column4="Mã vật liệu" />
	<Row4 Column0="Plant" Column1="Plant" Column2="工厂" Column3="工廠" Column4="Cty SX" />
	<Row5 Column0="loc" Column1="Location" Column2="地点" Column3="地點" Column4="Vị trí" />
	<Row6 Column0="Batch" Column1="Batch" Column2="批次" Column3="批次" Column4="Batch" />
	<Row7 Column0="PSW" Column1="PSW" Column2="预拣量" Column3="預揀量" Column4="PSW" />
	<Row8 Column0="TotalNum" Column1="TotalNum" Column2="总重" Column3="總重" Column4="Tổng trọng lượng" />
	<Row9 Column0="TotalCount" Column1="TotalCount" Column2="数量" Column3="數量" Column4="Tổng số mã vạch" />
	<Row10 Column0="CheckID" Column1="CheckID" Column2="审核" Column3="審核" Column4="Mã kiểm tra" />
	<Row11 Column0="SAP" Column1="SAP" Column2="SAP" Column3="SAP" Column4="SAP" />
	<Row12 Column0="State" Column1="State" Column2="状态" Column3="狀態" Column4="Trạng thái" />
	<Row13 Column0="Remark" Column1="Remark" Column2="备注" Column3="備註" Column4="Ghi chú" />
	<Row14 Column0="SubmitToSAPFail" Column1="SubmitToSAPFail" Column2="提交SAP失败原因" Column3="提交SAP失敗原因" Column4="Lỗi SAP" />
  </GridTable>
</Form>
