﻿
    <Row0 Column0="MaterialNo" Column1="" Column2="" Column3="" Column4="Mã vật liệu" />
	<Row1 Column0="CenterID" Column1="" Column2="" Column3="" Column4="Trung tâm chi phí" />
	<Row2 Column0="Batch" Column1="" Column2="" Column3="" Column4="Kí hiệu" />
	<Row3 Column0="Total" Column1="" Column2="" Column3="" Column4="Tổng trọng lượng hàng" />
	<Row4 Column0="Barcodes" Column1="" Column2="" Column3="" Column4="Số lượng mã vạch" />
	<Row5 Column0="Packing" Column1="" Column2="" Column3="" Column4="Mã đóng gói" />
	<Row6 Column0="StartDate" Column1="" Column2="" Column3="" Column4="Ngày bắt đầu" />
	<Row7 Column0="EndDate" Column1="" Column2="" Column3="" Column4="Ngày kết thúc" />
	<Row8 Column0="Plant" Column1="" Column2="" Column3="" Column4="Xưởng" />
	<Row9 Column0="Loc" Column1="" Column2="" Column3="" Column4="Vị trí" />
	<Row10 Column0="Version" Column1="" Column2="" Column3="" Column4="Phiên bản" />
	<Row11 Column0="PreVersionersion" Column1="" Column2="" Column3="" Column4="Phiên bản cũ" />
	
	
	<Row0 Column0="VoucherID" Column1="" Column2="" Column3="" Column4="" />
	<Row0 Column0="Accdate" Column1="" Column2="" Column3="" Column4="" />
	<Row0 Column0="MaterialNo" Column1="" Column2="" Column3="" Column4="" />
	<Row0 Column0="Plant" Column1="" Column2="" Column3="" Column4="" />
	<Row0 Column0="loc" Column1="" Column2="" Column3="" Column4="" />
	<Row0 Column0="Batch" Column1="" Column2="" Column3="" Column4="" />
	<Row0 Column0="TotalNum" Column1="" Column2="" Column3="" Column4="" />
	<Row0 Column0="TotalCount" Column1="" Column2="" Column3="" Column4="" />
	<Row0 Column0="CheckID" Column1="" Column2="" Column3="" Column4="" />
	<Row0 Column0="SAP" Column1="" Column2="" Column3="" Column4="" />
	<Row0 Column0="State" Column1="" Column2="" Column3="" Column4="" />
	<Row0 Column0="Remark" Column1="" Column2="" Column3="" Column4="" />
	<Row0 Column0="SubmitToSAPFail" Column1="" Column2="" Column3="" Column4="" />
	<Row0 Column0="_ShowDataPanel" Column1="" Column2="" Column3="" Column4="" />
	
	<Row1 Column0="VoucherID" Column1="" Column2="" Column3="" Column4="Mã đơn" />
	<Row2 Column0="Accdate" Column1="" Column2="" Column3="" Column4="Lần cập nhật cuối" />
	<Row3 Column0="TransID" Column1="" Column2="" Column3="" Column4="Mã vận tả" />
	<Row4 Column0="ProdSpec" Column1="" Column2="" Column3="" Column4="Ngày sản xuất" />
	<Row5 Column0="MaterialNo" Column1="" Column2="" Column3="" Column4="Mã vật liệu" />
	<Row6 Column0="CenterID" Column1="" Column2="" Column3="" Column4="Trung tâm chi phí" />
	<Row7 Column0="Plant" Column1="" Column2="" Column3="" Column4="Xưởng" />
	<Row8 Column0="Loc" Column1="" Column2="" Column3="" Column4="Vị trí" />
	<Row9 Column0="Batch" Column1="" Column2="" Column3="" Column4="Kí hiệu" />
	<Row20 Column0="Version0" Column1="" Column2="" Column3="" Column4="Phiên bản" />
	<Row11 Column0="Version" Column1="" Column2="" Column3="" Column4="Phiên bản cũ" />
	<Row12 Column0="TotalNum" Column1="" Column2="" Column3="" Column4="Tổng trọng lượng" />
	<Row14 Column0="TotalNum" Column1="" Column2="" Column3="" Column4="Số lượng mã vạch" />
	<Row14 Column0="UserID" Column1="" Column2="" Column3="" Column4="Người tạo" />
	<Row15 Column0="CheckID" Column1="" Column2="" Column3="" Column4="Mã kiểm tra" />
	<Row16 Column0="State" Column1="" Column2="" Column3="" Column4="Trạng thái" />

    <Row0 Column0="BarCode" Column1="BarCode" Column2="单号" Column3="单号" Column4="Mã vạch" />
    <Row1 Column0="CenterID" Column1="CenterID" Column2="成本中心" Column3="成本中心" Column4="Trung tâm chi phí" />
    <Row2 Column0="Num" Column1="Num" Column2="数量" Column3="数量" Column4="Số lượng" />
    <Row3 Column0="ProdDate" Column1="ProdDate" Column2="创建日期" Column3="创建日期" Column4="Ngày tạo" />
    <Row4 Column0="PrintNum" Column1="PrintNum" Column2="打印数量" Column3="打印数量" Column4="Số lượng in" />
    <Row5 Column0="UserID" Column1="UserID" Column2="用户名称" Column3="用户名称" Column4="Mã người tạo" />
	
	    <ClomunName Column0="ID" Column1="EN" Column2="CN" Column3="TW" Column4="VN" />
	<Row1 Column0="VoucherID" Column1="VoucherID" Column2="VoucherID" Column3="VoucherID" Column4="Mã đơn" />
	<Row2 Column0="Accdate" Column1="Accdate" Column2="Accdate" Column3="Accdate" Column4="Accdate" />
	<Row3 Column0="MaterialNo" Column1="MaterialNo" Column2="MaterialNo" Column3="MaterialNo" Column4="Mã vật liệu" />
	<Row4 Column0="Plant" Column1="Plant" Column2="Plant" Column3="Plant" Column4="Cty SX" />
	<Row5 Column0="loc" Column1="Location" Column2="Location" Column3="Location" Column4="Vị trí" />
	<Row6 Column0="Batch" Column1="Batch" Column2="Batch" Column3="Batch" Column4="Batch" />
	<Row7 Column0="TotalNum" Column1="TotalNum" Column2="TotalNum" Column3="TotalNum" Column4="TotalNum" />
	<Row8 Column0="TotalCount" Column1="TotalCount" Column2="TotalCount" Column3="TotalCount" Column4="TotalCount" />
	<Row9 Column0="CheckID" Column1="CheckID" Column2="CheckID" Column3="CheckID" Column4="Mã kiểm tra" />
	<Row10 Column0="SAP" Column1="SAP" Column2="SAP" Column3="SAP" Column4="SAP" />
	<Row11 Column0="State" Column1="State" Column2="State" Column3="State" Column4="Trạng thái" />
	<Row12 Column0="Remark" Column1="Remark" Column2="Remark" Column3="Remark" Column4="Ghi chú" />
	<Row13 Column0="SubmitToSAPFail" Column1="SubmitToSAPFail" Column2="SubmitToSAPFail" Column3="SubmitToSAPFail" Column4="Lỗi SAP" />

	    <Row1 Column0="lblTransType" Column1="Trans Type:" Column2="事务类型：" Column3="事务类型：" Column4="Mã vận tải:" />
	<Row2 Column0="lblMaterial" Column1="Material:" Column2="物 料：" Column3="物 料：" Column4="Mã vật liệu" />
	<Row3 Column0="lblGrade" Column1="Grade:" Column2="等 级：" Column3="等 级：" Column4="Grade:" />
	<Row4 Column0="lblGrades" Column1="Grades:" Column2="特 代：" Column3="特 代：" Column4="Grades:" />
	<Row5 Column0="lblLine" Column1="Line:" Column2="线 别：" Column3="线 别：" Column4="Line:" />
	<Row6 Column0="lblPlant" Column1="Plant:" Column2="工 厂:" Column3="工 厂:" Column4="Plant:" />
	<Row7 Column0="lblLocation" Column1="Location:" Column2="地 点：" Column3="地 点：" Column4="Vị trí:" />
	<Row8 Column0="lblVersion" Column1="Version:" Column2="版 本：" Column3="版 本：" Column4="Phiên bản:" />
	<Row9 Column0="lblTotalPack" Column1="Total Pack:" Column2="总包数：" Column3="总包数：" Column4="Số lượng:" />
	<Row10 Column0="lblGWT" Column1="GWT:" Column2="总重量：" Column3="总重量：" Column4="Trọng lượng:" />
	<Row10 Column0="_ParameterPanel" Column1="[Parameters]" Column2="[Parameters]" Column3="[Parameters]" Column4="Chi tiết vật liệu" />
	
	<Row0 Column0="lblTransType" Column1="TransType:" Column2="" Column3="" Column4="Mã vận tải:" />
	<Row1 Column0="lblMaterial" Column1="Material:" Column2="" Column3="" Column4="Mã vật liệu:" />
	<Row2 Column0="lblGrade" Column1="Grade:" Column2="" Column3="" Column4="Grade:" />
	<Row3 Column0="lblGrades" Column1="Grades:" Column2="" Column3="" Column4="Grades:" />
	<Row4 Column0="lblLines" Column1="Line:" Column2="" Column3="" Column4="Dây chuyền:" />
	<Row5 Column0="lblPlant" Column1="Plant:" Column2="" Column3="" Column4="Xưởng:" />
	<Row6 Column0="lblLocation" Column1="Location:" Column2="" Column3="" Column4="Vị trí:" />
	<Row7 Column0="lblVersion" Column1="Version:" Column2="" Column3="" Column4="Phiên bản:" />
	<Row8 Column0="lblTotalPack" Column1="TotalPack:" Column2="" Column3="" Column4="SL mã vạch:" />
	<Row9 Column0="lblGWT" Column1="" Column2="GWT:" Column3="" Column4="Tổng TL hàng:" />
	



