﻿<?xml version="1.0" encoding="utf-8"?>
<Form>
  <!--DataTable:LanguageSetting-->
  <DataTable TableName="LanguageSetting" CountOfRows="0" CountOfColumns="5">
  <ClomunName Column0="ID" Column1="EN" Column2="CN" Column3="TW" Column4="VN" />
  </DataTable>
  
  <!--GridTable:gridView1-->
  <GridTable TableName="gridView1" CountOfRows="7" CountOfColumns="5">
    <ClomunName Column0="ID" Column1="EN" Column2="CN" Column3="TW" Column4="VN" />
    <Row0 Column0="BarCode" Column1="BarCode" Column2="包号" Column3="包號" Column4="Mã vạch" />
    <Row1 Column0="CenterID" Column1="CenterID" Column2="成本中心" Column3="成本中心" Column4="Trung tâm chi phí" />
    <Row4 Column0="Batch" Column1="PrintNum" Column2="批次" Column3="批次" Column4="Lô hàng" />
    <Row2 Column0="Num" Column1="Num" Column2="净重" Column3="淨重" Column4="Trọng lượng thuần" />
    <Row3 Column0="ProdDate" Column1="ProdDate" Column2="生产日期" Column3="生產日期" Column4="Ngày tạo" />
    <Row5 Column0="UserID" Column1="UserID" Column2="用户名称" Column3="用戶名稱" Column4="Mã người tạo" />
    <Row6 Column0="LastVouID" Column1="UserID" Column2="单号" Column3="單號" Column4="Mã đơn" />
  </GridTable>
</Form>
