﻿<?xml version="1.0" encoding="utf-8"?>
<Form>
  <!--DataTable:LanguageSetting-->
  <DataTable TableName="LanguageSetting" CountOfRows="13" CountOfColumns="5">
    <ClomunName Column0="ID" Column1="EN" Column2="CN" Column3="TW" Column4="VN" />
	<Row0 Column0="lblTransType" Column1="TransType:" Column2="事务类型" Column3="事務類型" Column4="Mã vận tải:" />
	<Row1 Column0="lblMaterial" Column1="Material:" Column2="物料" Column3="物料" Column4="Mã vật liệu:" />
	<Row2 Column0="lblGrade" Column1="Grade:" Column2="等级" Column3="等級" Column4="Grade:" />
	<Row3 Column0="lblGrades" Column1="Grades:" Column2="特代" Column3="特代" Column4="Grades:" />
	<Row4 Column0="lblLine" Column1="Line:" Column2="线别" Column3="線別" Column4="Dây chuyền:" />
	<Row5 Column0="lblPlant" Column1="Plant:" Column2="工厂" Column3="工廠" Column4="Xưởng:" />
	<Row6 Column0="lblLocation" Column1="Location:" Column2="地点" Column3="地點" Column4="Vị trí:" />
	<Row7 Column0="lblVersion" Column1="Version:" Column2="版本" Column3="版本" Column4="Phiên bản:" />
	<Row8 Column0="lblTotalPack" Column1="TotalPack:" Column2="总包数" Column3="總包數" Column4="SL mã vạch:" />
	<Row9 Column0="lblGWT" Column1="GWT:" Column2="总重量" Column3="總重量" Column4="Tổng TL:" />
	<Row10 Column0="_ParameterPanel" Column1="[Parameters]" Column2="[批次参数]" Column3="[批次参数]" Column4="[Chi tiết vật liệu]" />	
	<Row11 Column0="label1" Column1="PreVersion" Column2="前道版本" Column3="前道版本" Column4="Phiên bản cũ" />
	<Row12 Column0="lblPSW" Column1="PSW:" Column2="预拣量" Column3="預揀量" Column4="PSW:" />
  </DataTable>
</Form>
