﻿<?xml version="1.0" encoding="utf-8"?>
<Form>
  <!--DataTable:LanguageSetting-->
  <DataTable TableName="LanguageSetting" CountOfRows="5" CountOfColumns="5">
    <ClomunName Column0="ID" Column1="EN" Column2="CN" Column3="TW" Column4="VN" />
    <Row0 Column0="label1" Column1="VehicleNO:" Column2="车号:" Column3="車號:" Column4="Số xe:" />
    <Row1 Column0="label2" Column1="New vehicleNO:" Column2="新车号:" Column3="新車號:" Column4="Số xe mới:" />
    <Row2 Column0="lblDialogTitle" Column1="Please enter the reason:" Column2="请输入原因:" Column3="請輸入原因:" Column4="Nhập lý do:" />
    <Row3 Column0="btnOK" Column1="Confirm" Column2="确认" Column3="確認" Column4="Xác nhận" />
    <Row4 Column0="btnNo" Column1="Cancel" Column2="取消" Column3="取消" Column4="Hủy bỏ" />    
  </DataTable>
</Form>
