﻿<?xml version="1.0" encoding="utf-8"?>
<Form>
  <!--DataTable:LanguageSetting-->
  <DataTable TableName="LanguageSetting" CountOfRows="8" CountOfColumns="5">
    <ClomunName Column0="ID" Column1="EN" Column2="CN" Column3="TW" Column4="VN" />
    <Row0 Column0="btCancel" Column1="Cancel" Column2="取消" Column3="取消" Column4="Hủy bỏ" />
    <Row1 Column0="btSave" Column1="Save" Column2="保存" Column3="保存" Column4="Lưu" />
    <Row2 Column0="label1" Column1="Status" Column2="卡片状态" Column3="卡片狀態" Column4="Tình trạng thẻ" />
    <Row3 Column0="label2" Column1="Type" Column2="卡片类型" Column3="卡片類型" Column4="Loại thẻ" />
    <Row4 Column0="label3" Column1="ID No" Column2="卡号" Column3="卡號" Column4="Mã thẻ" />
    <Row5 Column0="label4" Column1="ValidTo" Column2="有效期" Column3="有效期" Column4="Hiệu lực" />
    <Row6 Column0="label5" Column1="Note" Column2="备注" Column3="備註" Column4="Ghi chú" />
    <Row7 Column0="label6" Column1="Number" Column2="编号" Column3="編號" Column4="Mã số" />
	<Row8 Column0="btnNext" Column1="Next" Column2="下一个" Column3="下一個" Column4="Kế tiếp" />
  </DataTable>
</Form>
