﻿<?xml version="1.0" encoding="utf-8"?>
<Form>
  <!--DataTable:LanguageSetting-->
  <DataTable TableName="LanguageSetting" CountOfRows="1" CountOfColumns="5">
    <ClomunName Column0="ID" Column1="EN" Column2="CN" Column3="TW" Column4="VN" />
    <Row0 Column0="groupPanel2" Column1="[Items info]" Column2="[物品信息]" Column3="[物品信息]" Column4="[thông tin sản phẩm]" />
  </DataTable>
  <!--GridTable:gridViewGoods1-->
  <GridTable TableName="gridViewGoods1" CountOfRows="13" CountOfColumns="5">
    <ClomunName Column0="ID" Column1="EN" Column2="CN" Column3="TW" Column4="VN" />
    <Row0 Column0="VoucherID" Column1="VoucherID" Column2="出厂证号" Column3="出廠證號" Column4="số chứng nhận xuất xưởng" />
    <Row1 Column0="OutTime" Column1="OutTime" Column2="出厂日期" Column3="出廠日期" Column4="thời gian xuất xưởng" />
    <Row2 Column0="ExpectBack" Column1="ExpectBack" Column2="预估回厂日期" Column3="預估回廠日期" Column4="dự tính ngày nhập xưởng" />
    <Row3 Column0="GoodsName" Column1="GoodsName" Column2="物品名称" Column3="物品名稱" Column4="tên sản phẩm" />
    <Row4 Column0="GoodsAmount" Column1="OutNum" Column2="出厂数量" Column3="出廠數量" Column4="số lượng nhập xưởng" />
    <Row5 Column0="BackedCount" Column1="Backed Count" Column2="回厂数量" Column3="回廠數量" Column4="số lượng trở lại xưởng" />
    <Row6 Column0="UserID" Column1="UserID" Column2="承办人工号" Column3="承辦人工號" Column4="người lập" />
    <Row7 Column0="Name" Column1="Name" Column2="承办人" Column3="承辦人" Column4="người tổ chức" />
    <Row8 Column0="Specification" Column1="Specification" Column2="承办单位" Column3="承辦單位" Column4="Ứng viên tỉnh" />
    <Row9 Column0="TakeOut" Column1="TakeOut" Column2="携出人" Column3="攜出人" Column4="người mang ra" />
    <Row10 Column0="VehicleNO" Column1="Vehicle NO" Column2="携出车号" Column3="攜出車號" Column4="số xe mang ra" />
    <Row11 Column0="TakeCompany" Column1="TakeCompany" Column2="携出厂商" Column3="攜出廠商" Column4="nhà thầu mang ra" />
    <Row12 Column0="Remark" Column1="Remark" Column2="备注" Column3="備註" Column4="Ghi chú" />
  </GridTable>
</Form>