﻿<?xml version="1.0" encoding="utf-8"?>
<Form>
  <!--DataTable:LanguageSetting-->
  <DataTable TableName="LanguageSetting" CountOfRows="13" CountOfColumns="5">
    <ClomunName Column0="ID" Column1="EN" Column2="CN" Column3="TW" Column4="VN" />
    <Row0 Column0="btnRePrint" Column1="PrintAgain" Column2="补印磅单" Column3="補印磅單" Column4="In bổ sung" />
    <Row1 Column0="groupPanel1" Column1="[Vehicle info details]" Column2="[车辆信息明细]" Column3="[車輛信息明細]" Column4="[Chi tiết thông tin xe]" />
    <Row2 Column0="labelControl1" Column1="VehicleNO" Column2="车号" Column3="車號" Column4="Số giấy phép xe" />
    <Row3 Column0="labelControl12" Column1="Creater" Column2="创建人" Column3="創建人" Column4="Người lập" />
    <Row4 Column0="labelControl14" Column1="ShippingOrder" Column2="通知单号" Column3="通知單號" Column4="Thông báo số" />
    <Row5 Column0="labelControl15" Column1="Remark" Column2="备注" Column3="備註" Column4="Ghi chú" />
    <Row6 Column0="labelControl16" Column1="VoucherID" Column2="计划单号" Column3="計劃單號" Column4="Mã số đơn" />
    <Row7 Column0="labelControl2" Column1="VehicleType" Column2="车辆类型" Column3="車輛類型" Column4="Loại xe" />
    <Row8 Column0="labelControl3" Column1="MaterielType" Column2="料品" Column3="料品" Column4="Loại vật liệu" />
    <Row9 Column0="labelControl4" Column1="Manufacturer" Column2="客户" Column3="客戶" Column4="Khách hàng" />
    <Row10 Column0="labelControl5" Column1="Driver" Column2="司机" Column3="司機" Column4="Tài xế" />
    <Row11 Column0="labelControl6" Column1="FirstWeight" Column2="进厂过磅" Column3="進廠過磅" Column4="Cân nặng" />
    <Row12 Column0="labelControl7" Column1="SecondWeight" Column2="出厂过磅" Column3="出廠過磅" Column4="Trọng lượng xuất xưởng" />
  </DataTable>
  <!--GridTable:gridView1-->
  <GridTable TableName="gridView1" CountOfRows="5" CountOfColumns="5">
    <ClomunName Column0="ID" Column1="EN" Column2="CN" Column3="TW" Column4="VN" />
    <Row0 Column0="VoucherID" Column1="VoucherID" Column2="VoucherID" Column3="VoucherID" Column4="Mã chứng từ" />
    <Row1 Column0="ItemID" Column1="ItemID" Column2="ItemID" Column3="ItemID" Column4="Số hạng mục" />
    <Row2 Column0="Material" Column1="Goods Name" Column2="物品名称" Column3="物品名稱" Column4="Tên sản phẩm" />
    <Row3 Column0="Amount" Column1="Quantitative" Column2="数量" Column3="數量" Column4="Số lượng" />
    <Row4 Column0="Unit" Column1="Remark" Column2="项次备注" Column3="項次備註" Column4="Ghi chú hạng mục" />
  </GridTable>
</Form>
