﻿<?xml version="1.0" encoding="utf-8"?>
<Form>
  <!--DataTable:LanguageSetting-->
  <DataTable TableName="LanguageSetting" CountOfRows="5" CountOfColumns="5">
    <ClomunName Column0="ID" Column1="EN" Column2="CN" Column3="TW" Column4="VN" />
    <Row0 Column0="groupPanel1" Column1="[Query conditions]" Column2="[查询条件]" Column3="[查詢條件]" Column4="[Điều kiện tìm kiếm]" />
    <Row1 Column0="groupPanel2" Column1="[Shipping Order Info]" Column2="[发货单信息]" Column3="[发货单信息]" Column4="[Thông tin hóa đơn]" />
    <Row2 Column0="lbVoucherID" Column1="Voucher ID" Column2="单号 " Column3="單號" Column4="Mã đơn" />
    <Row3 Column0="lbVehicleNo" Column1="Vehicle" Column2="车号" Column3="車號" Column4="Số xe" />
    <Row4 Column0="label5" Column1="GuestName" Column2="访客姓名" Column3="訪客姓名" Column4="Tên truy cập" />
  </DataTable>
  <!--GridTable:gridViewJointTruck1-->
  <GridTable TableName="gridViewJointTruck1" CountOfRows="28" CountOfColumns="5">
    <ClomunName Column0="ID" Column1="EN" Column2="CN" Column3="TW" Column4="VN" />
    <Row0 Column0="VoucherID" Column1="VoucherID" Column2="VoucherID" Column3="VoucherID" Column4="Mã chứng từ" />
    <Row1 Column0="ShippingOrder" Column1="ShippingOrder" Column2="状态描述" Column3="狀態描述" Column4="Miêu tả trạng thái" />
    <Row2 Column0="Direction" Column1="Direction" Column2="人员类型" Column3="人員類型" Column4="Phân loại nhân viên" />
    <Row3 Column0="MaterialSpc" Column1="MaterialSpc" Column2="访问区域" Column3="訪問區域" Column4="Khu viếng thăm" />
    <Row4 Column0="PRquan" Column1="PRquan" Column2="姓名" Column3="姓名" Column4="Tên khách" />
    <Row5 Column0="Requan" Column1="Requan" Column2="工作单位" Column3="工作單位" Column4="Đơn vị làm việc" />
    <Row6 Column0="Unit" Column1="Unit" Column2="事由" Column3="事由" Column4="Lý do" />
    <Row7 Column0="Isprn" Column1="Isprn" Column2="卡号" Column3="卡號" Column4="Số thẻ" />
    <Row8 Column0="Stamp" Column1="Stamp" Column2="受访人姓名" Column3="受訪人姓名" Column4="Tên người đón khách" />
    <Row9 Column0="Status" Column1="Status" Column2="受访人姓名" Column3="受訪人姓名" Column4="Trạng thái" />

  </GridTable>
</Form>
