﻿<?xml version="1.0" encoding="utf-8"?>
<Form>
  <!--DataTable:LanguageSetting-->
  <DataTable TableName="LanguageSetting" CountOfRows="11" CountOfColumns="5">
    <ClomunName Column0="ID" Column1="EN" Column2="CN" Column3="TW" Column4="VN" />
    <Row0 Column0="_ParameterPanel" Column1="[Items info]" Column2="[物品信息]" Column3="[物品信息]" Column4="[Thông tin sản phẩm]" />
    <Row1 Column0="groupPanel3" Column1="[Goods Info details]" Column2="[物品出厂明细表]" Column3="[物品出廠明細表]" Column4="[Chi tiết vật phẩm xuất xưởng]" />
    <Row2 Column0="label1" Column1="CreateID" Column2="申请者工号" Column3="申請者工號" Column4="Mã số người mở đơn" />
    <Row3 Column0="label2" Column1="CreateName" Column2="申请者姓名" Column3="申請者姓名" Column4="Tên người mở đơn" />
    <Row4 Column0="label3" Column1="CreaterDep" Column2="申请者部门" Column3="申請者部門" Column4="Bộ phận người mở đơn" />
    <Row5 Column0="label4" Column1="VoucherID" Column2="物品出厂证号" Column3="物品出廠證號" Column4="Mã vật phẩm xuất xưởng" />
    <Row6 Column0="label5" Column1="PhoneNo" Column2="申请者分机" Column3="申請者分機" Column4="Số nội bộ người mở đơn" />
    <Row7 Column0="label6" Column1="TakeOutName" Column2="携出人姓名" Column3="攜出人姓名" Column4="Tên người mang ra " />
    <Row8 Column0="label7" Column1="VehicleNO" Column2="携出车号" Column3="攜出車號" Column4="Số xe mang ra" />
    <Row9 Column0="label8" Column1="TakeCompany" Column2="携出厂商" Column3="攜出廠商" Column4="Công ty mang ra" />
    <Row10 Column0="label9" Column1="Remark" Column2="备注" Column3="備註" Column4="Ghi chú" />
  </DataTable>
  <!--GridTable:gridView7-->
  <GridTable TableName="gridView7" CountOfRows="5" CountOfColumns="5">
    <ClomunName Column0="ID" Column1="EN" Column2="CN" Column3="TW" Column4="VN" />
    <Row0 Column0="GoodsName" Column1="GoodsName" Column2="物品名称" Column3="物品名稱" Column4="Tên sản phẩm" />
    <Row1 Column0="GoodsAmount" Column1="GoodsAmount" Column2="数量" Column3="數量" Column4="Tổng lượng hàng" />
    <Row2 Column0="Unit" Column1="Unit" Column2="单位" Column3="單位" Column4="Đơn vị" />
    <Row3 Column0="Reason" Column1="Reason" Column2="事由" Column3="事由" Column4="Lý do" />
    <Row4 Column0="VoucherID" Column1="VoucherID" Column2="物品出厂证号" Column3="物品出廠證號" Column4="Mã vật phẩm xuất xưởng" />
  </GridTable>
</Form>
