﻿<?xml version="1.0" encoding="utf-8"?>
<Form>
  <!--DataTable:LanguageSetting-->
  <DataTable TableName="LanguageSetting" CountOfRows="9" CountOfColumns="5">
    <ClomunName Column0="ID" Column1="EN" Column2="CN" Column3="TW" Column4="VN" />
    <Row0 Column0="_ParameterPanel" Column1="[Items info]" Column2="[物品信息]" Column3="[物品信息]" Column4="[Thông tin sản phẩm]" />
    <Row1 Column0="btnAddGB" Column1="Add" Column2="添加" Column3="添加" Column4="Thêm vào" />
    <Row2 Column0="groupPanel2" Column1="[Related info]" Column2="[相关信息]" Column3="[相關信息]" Column4="[Thông tin liên quan]" />
    <Row3 Column0="label1" Column1="Remark" Column2="备注" Column3="備註" Column4="Ghi chú" />
    <Row4 Column0="label2" Column1="OutNum" Column2="出厂数量" Column3="出廠數量" Column4="Số lượng xuất xưởng" />
    <Row5 Column0="label3" Column1="GoodsName" Column2="物品名称" Column3="物品名稱" Column4="Tên sản phẩm" />
    <Row6 Column0="label4" Column1="VoucherID" Column2="物品出厂证号" Column3="物品出廠證號" Column4="Mã vật phẩm xuất xưởng" />
    <Row7 Column0="label5" Column1="BackNum" Column2="回厂数量" Column3="回廠數量" Column4="Số lượng sẽ quay về" />
    <Row8 Column0="label6" Column1="BackedNum" Column2="已回厂数量" Column3="已回廠數量" Column4="Số lượng đã về" />
  </DataTable>
  <!--GridTable:gridView7-->
  <GridTable TableName="gridView7" CountOfRows="4" CountOfColumns="5">
    <ClomunName Column0="ID" Column1="EN" Column2="CN" Column3="TW" Column4="VN" />
    <Row0 Column0="GoodsName" Column1="GoodsName" Column2="物品名称" Column3="物品名稱" Column4="Tên vật phẩm" />
    <Row1 Column0="GoodsAmount" Column1="Quantitative" Column2="数量" Column3="数量" Column4="Số lượng " />
    <Row2 Column0="Unit" Column1="Unit" Column2="单位编号" Column3="單位編號" Column4="Đơn vị" />
    <Row3 Column0="UnitRemark" Column1="UnitRemark" Column2="单位备注" Column3="單位備註" Column4="Ghi chú đơn vị" />
  </GridTable>
</Form>
