﻿<?xml version="1.0" encoding="utf-8"?>
<Form>
  <!--DataTable:LanguageSetting-->
  <DataTable TableName="LanguageSetting" CountOfRows="12" CountOfColumns="5">
    <ClomunName Column0="ID" Column1="EN" Column2="CN" Column3="TW" Column4="VN" />
    <Row0 Column0="_ParameterPanel" Column1="[Credentials parameter]" Column2="[凭证参数]" Column3="[凭证参数]" Column4="[凭证参数]" />
    <Row1 Column0="label5" Column1="Transactiontype" Column2="事务类型" Column3="事务类型" Column4="事务类型" />
    <Row2 Column0="label22" Column1="material" Column2="物料" Column3="物料" Column4="物料" />
    <Row3 Column0="label15" Column1="level" Column2="等级" Column3="等级" Column4="等级" />
    <Row4 Column0="label3" Column1="特代" Column2="特代" Column3="特代" Column4="特代" />
    <Row5 Column0="label2" Column1="线别" Column2="线别" Column3="线别" Column4="线别" />
    <Row6 Column0="label12" Column1="plant" Column2="工厂" Column3="工厂" Column4="工厂" />
    <Row7 Column0="label4" Column1="place" Column2="地点" Column3="地点" Column4="地点" />
    <Row8 Column0="label9" Column1="version0" Column2="版本" Column3="版本" Column4="版本" />
    <Row9 Column0="label14" Column1="version" Column2="前道版本" Column3="前道版本" Column4="前道版本" />
    <Row10 Column0="label7" Column1="Packets" Column2="总包数" Column3="总包数" Column4="总包数" />
    <Row11 Column0="label6" Column1="Weight" Column2="总重量" Column3="总重量" Column4="总重量" />
  </DataTable>
 </Form>