﻿<?xml version="1.0" encoding="utf-8"?>
<Form>
	<!--DataTable:LanguageSetting-->
    <DataTable TableName="LanguageSetting" CountOfRows="9" CountOfColumns="5">
    <ClomunName Column0="ID" Column1="EN" Column2="CN" Column3="TW" Column4="VN" />
    
    </DataTable>

  <!--GridTable:gridView1-->
  <GridTable TableName="gridView1" CountOfRows="7" CountOfColumns="5">
    <ClomunName Column0="ID" Column1="EN" Column2="CN" Column3="TW" Column4="VN" />
    <Row0 Column0="BarCode" Column1="BarCode" Column2="包号" Column3="包号" Column4="包号" />
    <Row1 Column0="CenterID" Column1="CenterID" Column2="成本中心" Column3="成本中心" Column4="成本中心" />
    <Row2 Column0="Batch" Column1="Batch" Column2="批次" Column3="批次" Column4="批次" />
    <Row3 Column0="Num" Column1="Num" Column2="净重" Column3="净重" Column4="净重" />
    <Row4 Column0="ProdDate" Column1="ProdDate" Column2="生产日期" Column3="生产日期" Column4="生产日期" />
    <Row5 Column0="UserID" Column1="UserID" Column2="申请" Column3="申请" Column4="申请" />
    <Row6 Column0="LastVouID" Column1="LastVouID" Column2="单号" Column3="单号" Column4="单号" />
  </GridTable>
</Form>
