﻿<?xml version="1.0" encoding="utf-8"?>
<Form>
  <!--DataTable:LanguageSetting-->
  <DataTable TableName="LanguageSetting" CountOfRows="9" CountOfColumns="5">
    <ClomunName Column0="ID" Column1="EN" Column2="CN" Column3="TW" Column4="VN" />
    <Row0 Column0="btQueryUnsettled" Column1="Search" Column2="查询" Column3="查询" Column4="查询" />
    <Row1 Column0="btSearchBatch" Column1="Batch" Column2="批次" Column3="批次" Column4="批次" />
    <Row2 Column0="btNewVoucher" Column1="freeze" Column2="冻结" Column3="冻结" Column4="冻结" />
    <Row3 Column0="btUnPick" Column1="UnPick" Column2="拆开" Column3="拆开" Column4="拆开" />
    <Row4 Column0="btDeleteVoucher" Column1="unfreeze" Column2="解冻" Column3="解冻" Column4="解冻" />
    <Row5 Column0="btCommit2Flow" Column1="Commit2Flow" Column2="提交流程" Column3="提交流程" Column4="提交流程" />
    <Row6 Column0="btPrint" Column1="Print" Column2="打印" Column3="打印" Column4="打印" />
		<Row7 Column0="btReturn" Column1="Return" Column2="返回" Column3="返回" Column4="返回" />
		<Row8 Column0="btComplete" Column1="Complete" Column2="完成" Column3="完成" Column4="完成" />
  </DataTable>
</Form>