﻿<?xml version="1.0" encoding="utf-8"?>
<Form>
     <!--DataTable:LanguageSetting-->
    <DataTable TableName="LanguageSetting" CountOfRows="9" CountOfColumns="5">
    <ClomunName Column0="ID" Column1="EN" Column2="CN" Column3="TW" Column4="VN" />
    
    </DataTable>	

  <!--GridTable:gridView1-->
  <GridTable TableName="gridView1" CountOfRows="13" CountOfColumns="5">
    <ClomunName Column0="ID" Column1="EN" Column2="CN" Column3="TW" Column4="VN" />
    <Row0 Column0="VoucherID" Column1="VoucherID" Column2="单据号" Column3="单据号" Column4="单据号" />
    <Row1 Column0="Accdate" Column1="Accdate" Column2="访问日期" Column3="访问日期" Column4="访问日期" />
    <Row2 Column0="MaterialNO" Column1="MaterialNO" Column2="物料号" Column3="物料号" Column4="物料号" />
    <Row3 Column0="Plant" Column1="Plant" Column2="工厂" Column3="工厂" Column4="工厂" />
    <Row4 Column0="loc" Column1="loc" Column2="地点" Column3="地点" Column4="地点" /> 
    <Row5 Column0="Batch" Column1="Batch" Column2="批次" Column3="批次" Column4="批次" />
    <Row6 Column0="TotalNum" Column1="TotalNum" Column2="总数" Column3="总数" Column4="总数" />
    <Row7 Column0="TotalCount" Column1="TotalCount" Column2="总数记录" Column3="总数记录" Column4="总数记录" />
    <Row8 Column0="CheckID" Column1="CheckID" Column2="审核" Column3="审核" Column4="审核" />
    <Row9 Column0="SAP" Column1="SAP" Column2="SAP" Column3="SAP" Column4="SAP" />
    <Row10 Column0="STATE" Column1="State" Column2="状态" Column3="状态" Column4="状态" />
    <Row11 Column0="Remark" Column1="Remark" Column2="备注" Column3="備註" Column4="备注" />
    <Row12 Column0="SubmitToSAPFail" Column1="SubmitToSAPFail" Column2="提交SAP失败原因" Column3="提交SAP失败原因" Column4="提交SAP失败原因" />
  </GridTable>
</Form>