﻿<?xml version="1.0" encoding="utf-8"?>
<Form>
  <!--DataTable:LanguageSetting-->
  <DataTable TableName="LanguageSetting" CountOfRows="9" CountOfColumns="5">
    <ClomunName Column0="ID" Column1="EN" Column2="CN" Column3="TW" Column4="VN" />
    <Row0 Column0="_Parameterpanel" Column1="[Query conditions]" Column2="[查询条件]" Column3="[查詢條件]" Column4="[Điều kiện tìm kiếm]" />
    <Row1 Column0="lblDateFrom" Column1="Date From:" Column2="单据日期:" Column3="單據日期:" Column4="Từ ngày:" />
    <Row2 Column0="lblDateTo" Column1="Date To:" Column2="到:" Column3="到:" Column4="Đến:" />
    <Row3 Column0="lblCostcenter" Column1="Cost Center:" Column2="成本中心:" Column3="成本中心" Column4="Trung tâm chi phí:" />
    <Row4 Column0="lblMaterialNo" Column1="Materials No:" Column2="物料号:" Column3="物料號" Column4="Mã hàng:" />
    <Row5 Column0="lblPlant" Column1="Plant:" Column2="工厂:" Column3="工廠:" Column4="Xưởng:" />
    <Row6 Column0="lblBatch" Column1="Batch:" Column2="批次:" Column3="批次" Column4="Lô hàng:" />
    <Row7 Column0="lblUserID" Column1="User ID:" Column2="申请:" Column3="申請:" Column4="Mã người tạo:" />
    <Row8 Column0="chkAll" Column1="Check all" Column2="是否所有单据" Column3="是否所有單據:" Column4="Chọn tất cả" />
  </DataTable>
</Form>