﻿<?xml version="1.0" encoding="utf-8"?>
<Form>
  <!--DataTable:LanguageSetting-->
  <DataTable TableName="LanguageSetting" CountOfRows="1" CountOfColumns="5">
    <ClomunName Column0="ID" Column1="EN" Column2="CN" Column3="TW" Column4="VN" />
    <Row0 Column0="xtraTabPage1" Column1="result" Column2="查询结果" Column3="查詢結果" Column4="result" />
  </DataTable>
  <!--GridTable:gridView1-->
  <GridTable TableName="gridMaster" CountOfRows="16" CountOfColumns="5">
    <ClomunName Column0="ID" Column1="EN" Column2="CN" Column3="TW" Column4="VN" />
    <Row0 Column0="VoucherID" Column1="VoucherID" Column2="单据号" Column3="單據號" Column4="Mã đơn" />
    <Row1 Column0="AccDate" Column1="AccDate" Column2="单据日期" Column3="單據日期" Column4="Ngày tạo" />
	<Row2 Column0="TransID" Column1="TranID" Column2="事务编号" Column3="事务編號" Column4="Mã vận tải" /> 
	<Row3 Column0="ProdSpec" Column1="ProdSpec" Column2="规格" Column3="規格" Column4="Thông số kỹ thuật" /> 
	<Row4 Column0="MaterialNO" Column1="MaterialNO" Column2="物料" Column3="物料" Column4="Mã vật phẩm" />
	<Row5 Column0="CenterID" Column1="Cost Center" Column2="成本中心" Column3="成本中心" Column4="Trung tâm chi phí" />
	<Row6 Column0="Plant" Column1="Plant" Column2="工厂" Column3="工廠" Column4="Nhà máy" />
    <Row7 Column0="Loc" Column1="Location" Column2="地点" Column3="地點" Column4="Vị trí" />
    <Row8 Column0="Batch" Column1="Batch" Column2="批次" Column3="批次" Column4="Lô hàng" />
	 <Row9 Column0="Version" Column1="Version" Column2="前道" Column3="前道" Column4="Phiên bản" />
	 <Row10 Column0="Version0" Column1="Version0" Column2="本道" Column3="本道" Column4="Phiên bản 0" />
	 <Row11 Column0="TotalNum" Column1="TotalNum" Column2="总重" Column3="總重" Column4="Tổng trọng lượng hàng" />
	 <Row12 Column0="TotalCount" Column1="Number of packs" Column2="数量" Column3="數量" Column4="Số lượng mã vạch" />
	 <Row13 Column0="State" Column1="State" Column2="状态" Column3="狀態" Column4="Trang thái" />
	 <Row14 Column0="UserID" Column1="UserID" Column2="申请" Column3="申請" Column4="Mã nhân viên" />
	 <Row15 Column0="CheckID" Column1="CheckID" Column2="验收" Column3="驗收" Column4="Mã nhân viên" />

  </GridTable>
    <GridTable TableName="gridDetails" CountOfRows="5" CountOfColumns="5">
     <ClomunName Column0="ID" Column1="EN" Column2="CN" Column3="TW" Column4="VN" />
	<Row0 Column0="BarCode" Column1="Barcode" Column2="包号" Column3="包號" Column4="Mã vạch" />
	<Row1 Column0="Num" Column1="Num" Column2="净重" Column3="淨重" Column4="Số lượng" />
	<Row2 Column0="GWT" Column1="GWT" Column2="毛重" Column3="毛重" Column4="GWT" />
	<Row3 Column0="ProdDate" Column1="ProdDate" Column2="生产日期" Column3="生產日期" Column4="Ngày tạo" />
	<Row4 Column0="PickID" Column1="PickID" Column2="拣配人" Column3="揀配人" Column4="Người gửi" />
  </GridTable>
  
</Form>