﻿<?xml version="1.0" encoding="utf-8"?>
<Form>
  <!--DataTable:LanguageSetting-->
  <DataTable TableName="LanguageSetting" CountOfRows="5" CountOfColumns="5" >
    <ClomunName Column0="ID" Column1="EN" Column2="CN" Column3="TW" Column4="VN" />
    <Row0 Column0="btSearch" Column1="Search" Column2="查询" Column3="查詢" Column4="Tìm Kiếm" />
    <Row1 Column0="btReturn" Column1="Back" Column2="返回" Column3="返回" Column4="Trở Lại" />
    <Row2 Column0="btnext" Column1="More" Column2="更多" Column3="更多" Column4="More" />
    <Row3 Column0="btExcel" Column1="Excel" Column2="Excel" Column3="Excel" Column4="Excel" />
    <Row4 Column0="bags" Column1="bags" Column2="bags" Column3="bags" Column4="bags" />
  </DataTable>
</Form>