﻿<?xml version="1.0" encoding="utf-8"?>
<Form>
  <!--DataTable:LanguageSetting-->
  <DataTable TableName="LanguageSetting" CountOfRows="15" CountOfColumns="5">
    <ClomunName Column0="ID" Column1="EN" Column2="CN" Column3="TW" Column4="VN" />
	<Row0 Column0="lblStartTime" Column1="StartTime:" Column2="区间日期:" Column3="區間日期" Column4="StartTime:" />
	<Row1 Column0="lblEndTime" Column1="EndTime:" Column2="到" Column3="到" Column4="EndTime:" />
	<Row2 Column0="lblBarcode" Column1="Barcode:" Column2="包号" Column3="包號" Column4="Barcode:" />
	<Row3 Column0="lblLastVouID" Column1="LastVouID:" Column2="当前单号" Column3="當前單號" Column4="LastVouID:" />
	<Row4 Column0="_ParameterPanel" Column1="ParameterPanel:" Column2="查询参数" Column3="查詢參數" Column4="ParameterPanel:" />
	<Row5 Column0="groupPanel1" Column1="ParameterPanel:" Column2="文件参数" Column3="文件參數" Column4="ParameterPanel:" />
	<Row6 Column0="groupPanel2" Column1="ParameterPanel:" Column2="录入参数" Column3="錄入參數" Column4="ParameterPanel:" />
	<Row7 Column0="lblFilePath" Column1="FilePath:" Column2="文件路径" Column3="文件路徑" Column4="FilePath:" />
	<Row8 Column0="btBrowns" Column1="Browns:" Column2="浏览..." Column3="瀏覽..." Column4="Browns:" />
	<Row9 Column0="lblVoucherID" Column1="VoucherID:" Column2="单据" Column3="單據" Column4="VoucherID:" />
	<Row10 Column0="lblTotalPack" Column1="TotalPack:" Column2="总包数" Column3="總包數" Column4="TotalPack:" />
	<Row11 Column0="lblGWT" Column1="TotalNum:" Column2="总净重" Column3="總淨重" Column4="TotalNum:" />
	<Row12 Column0="QueryIn" Column1="QueryIn:" Column2="查找导入" Column3="查找導入" Column4="QueryIn:" />
	<Row13 Column0="FileIn" Column1="FileIn:" Column2="文件导入" Column3="文件導入" Column4="FileIn:" />
	<Row14 Column0="KeyIn" Column1="KeyIn:" Column2="数据录入" Column3="數據錄入" Column4="KeyIn:" />
  </DataTable>
  
  <!--GridTable:gridView1-->
  <GridTable TableName="gridView1" CountOfRows="10" CountOfColumns="5">
    <ClomunName Column0="ID" Column1="EN" Column2="CN" Column3="TW" Column4="VN" />
    	<Row0 Column0="BarCode" Column1="BarCode" Column2="包号" Column3="包號" Column4="Mã vạch" />
    	<Row1 Column0="MaterialNO" Column1="MaterialNo" Column2="物料" Column3="物料" Column4="Mã vật liệu" />
	<Row2 Column0="ProdSpec" Column1="ProdSpec" Column2="描述" Column3="描述" Column4="ProdSpec" />
	<Row3 Column0="Batch" Column1="Batch" Column2="批次" Column3="批次" Column4="Kí hiệu" />
	<Row4 Column0="Num" Column1="Num" Column2="净重" Column3="淨重" Column4="Trọng lượng hàng" />
	<Row5 Column0="ProdDate" Column1="ProdDate" Column2="生产日期" Column3="生產日期" Column4="Ngày sản xuất" />
	<Row6 Column0="State" Column1="State" Column2="状态" Column3="狀態" Column4="Trạng thái" />
	<Row7 Column0="UserID" Column1="UserID" Column2="用户" Column3="用戶" Column4="UserID" />
	<Row8 Column0="Counter" Column1="Counter" Column2="打印次数" Column3="打印次數" Column4="Counter" />
	<Row9 Column0="Loc" Column1="Loc" Column2="地点" Column3="地點" Column4="Vị trí" />
  </GridTable>

<!--GridTable:gridView2-->
  <GridTable TableName="gridView2" CountOfRows="10" CountOfColumns="5">
    <ClomunName Column0="ID" Column1="EN" Column2="CN" Column3="TW" Column4="VN" />
    	<Row0 Column0="BarCode" Column1="BarCode" Column2="包号" Column3="包號" Column4="Mã vạch" />
    	<Row1 Column0="MaterialNO" Column1="MaterialNo" Column2="物料" Column3="物料" Column4="Mã vật liệu" />
	<Row2 Column0="ProdSpec" Column1="ProdSpec" Column2="描述" Column3="描述" Column4="ProdSpec" />
	<Row3 Column0="Batch" Column1="Batch" Column2="批次" Column3="批次" Column4="Kí hiệu" />
	<Row4 Column0="Num" Column1="Num" Column2="净重" Column3="淨重" Column4="Trọng lượng hàng" />
	<Row5 Column0="ProdDate" Column1="ProdDate" Column2="生产日期" Column3="生產日期" Column4="Ngày sản xuất" />
	<Row6 Column0="State" Column1="State" Column2="状态" Column3="狀態" Column4="Trạng thái" />
	<Row7 Column0="UserID" Column1="UserID" Column2="用户" Column3="用戶" Column4="UserID" />
	<Row8 Column0="Counter" Column1="Counter" Column2="打印次数" Column3="打印次數" Column4="Counter" />
	<Row9 Column0="Loc" Column1="Loc" Column2="地点" Column3="地點" Column4="Vị trí" />
  </GridTable>
</Form>
