﻿<?xml version="1.0" encoding="utf-8"?>
<Form>
  <!--DataTable:LanguageSetting-->
  <DataTable TableName="LanguageSetting" CountOfRows="5" CountOfColumns="5">
    <ClomunName Column0="ID" Column1="EN" Column2="CN" Column3="TW" Column4="VN" />
    <Row0 Column0="lblDateFrom" Column1="Date :" Column2="日期:" Column3="日期:" Column4="Ngày:" />
    <Row1 Column0="lblMaterial" Column1="Material:" Column2="物料:" Column3="物料:" Column4="Vật liệu:" />
    <Row2 Column0="lblPlant" Column1="Plant:" Column2="物料:" Column3="物料:" Column4="Xưởng:" />
    <Row3 Column0="btSearch" Column1="Search" Column2="查询" Column3="查询" Column4="Tìm" />
	<Row4 Column0="btDown" Column1="Down" Column2="下载" Column3="下载" Column4="Trang kế" />
	<Row5 Column0="_ParameterPanel" Column1="[Parameters]" Column2="[查询参数]" Column3="[查询参数]" Column4="[Tìm kiếm]" />
	<Row5 Column0="_InformationPanel" Column1="[Information]" Column2="[详细资料]" Column3="[详细资料]" Column4="[Kết quả]" />
  </DataTable>
  
  <!--GridTable:gridViewGood1-->
  <GridTable TableName="gridView1" CountOfRows="5" CountOfColumns="5">
    <ClomunName Column0="ID" Column1="EN" Column2="CN" Column3="TW" Column4="VN" />
    <Row0 Column0="MaterialNo" Column1="MaterialNo" Column2="单号" Column3="单号" Column4="Mã vật liệu" />
    <Row1 Column0="ProdType" Column1="ProdType" Column2="成本中心" Column3="成本中心" Column4="Loại vật liệu" />
    <Row2 Column0="ProdSpec" Column1="ProdSpec" Column2="数量" Column3="数量" Column4="Chi tiết" />
    <Row3 Column0="Unit" Column1="Unit" Column2="单元" Column3="单元" Column4="Đơn vị" />
    <Row4 Column0="Plant" Column1="Plant" Column2="物料" Column3="物料" Column4="Xưởng" />
  </GridTable>
</Form>
