﻿<?xml version="1.0" encoding="utf-8"?>
<Form>  
  <!--DataTable:LanguageSetting-->
  <DataTable TableName="LanguageSetting" CountOfRows="0" CountOfColumns="5">
    <ClomunName Column0="ID" Column1="EN" Column2="CN" Column3="TW" Column4="VN" />
  </DataTable>

  <!--GridTable:gridView1-->
  <GridTable TableName="gridView1" CountOfRows="8" CountOfColumns="5">
    <ClomunName Column0="ID" Column1="EN" Column2="CN" Column3="TW" Column4="VN" />
	<Row0 Column0="AB" Column1="AB" Column2="产品别" Column3="產品別" Column4="AB" />
    	<Row1 Column0="MaterialNO" Column1="MaterialNo" Column2="物料" Column3="物料" Column4="MaterialNo" />
	<Row2 Column0="Plant" Column1="Plant" Column2="工厂" Column3="工廠" Column4="Plant" />
	<Row3 Column0="Loc" Column1="Loc" Column2="地点" Column3="地點" Column4="Loc" />
	<Row4 Column0="Batch" Column1="Batch" Column2="批次" Column3="批次" Column4="Batch" />
	<Row5 Column0="MIS_Stock" Column1="MIS_Stock" Column2="MIS库存" Column3="MIS庫存" Column4="MIS_Stock" />
	<Row6 Column0="SAP_Stock" Column1="SAP_Stock" Column2="SAP库存" Column3="SAP庫存" Column4="SAP_Stock" />
	<Row7 Column0="State" Column1="State" Column2="状态" Column3="狀態" Column4="State" />
  </GridTable>
</Form>
