﻿<?xml version="1.0" encoding="utf-8"?>
<Form>
  <!--DataTable:LanguageSetting-->
  <DataTable TableName="LanguageSetting" CountOfRows="0" CountOfColumns="5">
    <ClomunName Column0="ID" Column1="EN" Column2="CN" Column3="TW" Column4="VN" />
  </DataTable>

  <!--GridTable:gridView1-->
  <GridTable TableName="gridView1" CountOfRows="8" CountOfColumns="5">
    <ClomunName Column0="ID" Column1="EN" Column2="CN" Column3="TW" Column4="VN" />
    	<Row0 Column0="MaterialNO" Column1="MaterialNo" Column2="物料" Column3="物料" Column4="MaterialNo" />
	<Row1 Column0="Plant" Column1="Plant" Column2="工厂" Column3="工廠" Column4="Plant" />
	<Row2 Column0="Loc" Column1="Loc" Column2="地点" Column3="地點" Column4="Loc" />
	<Row3 Column0="Batch" Column1="Batch" Column2="批次" Column3="批次" Column4="Batch" />
	<Row4 Column0="TotalNum(kg)" Column1="TotalNum(kg)" Column2="重量 (kg)" Column3="重量 (kg)" Column4="TotalNum(kg)" />
	<Row5 Column0="TotalCount(pc)" Column1="TotalCount(pc)" Column2="数量 (pc)" Column3="數量 (pc)" Column4="TotalCount(pc)" />
	<Row6 Column0="LockedNum(kg)" Column1="LockedNum(kg)" Column2="锁定 (kg)" Column3="鎖定 (kg)" Column4="LockedNum(kg)" />
	<Row7 Column0="ComNum(kg)" Column1="ComNum(kg)" Column2="预缴 (kg)" Column3="預繳 (kg)" Column4="ComNum(kg)" />
  </GridTable>
</Form>
