<?xml version="1.0" encoding="utf-8"?>
<Form>
  <!--DataTable:LanguageSetting-->
  <DataTable TableName="LanguageSetting" CountOfRows="9" CountOfColumns="5">
    <ClomunName Column0="ID" Column1="EN" Column2="TW" Column3="CN" Column4="VN" />
	<Row0 Column0="btCancel" Column1="Cancel" Column2="取消" Column3="取消" Column4="Hủy" />
	<Row1 Column0="btSave" Column1="OK" Column2="確認" Column3="确认" Column4="Xác nhận" />
	<Row2 Column0="lblDesCN" Column1="Description (CN) :" Column2="描述CN：" Column3="描述CN：" Column4="Thông tin miêu tả (CN) :" />
	<Row3 Column0="lblDesEN" Column1="Description (EN) :" Column2="描述EN：" Column3="描述EN：" Column4="Thông tin miêu tả (EN) :" />
	<Row4 Column0="lblDesTW" Column1="Description (TW) :" Column2="描述TW：" Column3="描述TW：" Column4="Thông tin miêu tả (TW) :" />
	<Row5 Column0="lblDesVN" Column1="Description (VN) :" Column2="描述VN：" Column3="描述VN：:" Column4="Thông tin miêu tả (VN) :" />
	<Row6 Column0="lblLottoNo" Column1="Material:" Column2="物料號:" Column3="物料号:" Column4="Mã vật liệu:" />
	<Row7 Column0="lblSampleName" Column1="Sample Name:" Column2="樣品名稱:" Column3="样品名称:" Column4="Tên mẫu:" />
	<Row8 Column0="lbReason" Column1="Please enter the information:" Column2="請輸入信​​息：" Column3="请输入信息:" Column4="Vui lòng nhập đầy đủ thông tin:" />
	
  </DataTable>
</Form>
