<?xml version="1.0" encoding="utf-8"?>
<Form>
  <DataTable TableName="LanguageSetting" CountOfRows="5" CountOfColumns="5">
    <ClomunName Column0="ID" Column1="EN" Column2="TW" Column3="CN" Column4="VN" />
	
	<Row0 Column0="lblLOTTONo" Column1="Material:" Column2="物料號:" Column3="物料号:" Column4="Mã vật liệu:" />
	<Row1 Column0="lblLabName" Column1="Lab Name:" Column2="Lab Name:" Column3="Lab Name:" Column4="Phòng thí nghiệm:" />
	<Row2 Column0="lblTypeName" Column1="Type Name:" Column2="Type Name:" Column3="Type Name:" Column4="Loại mẫu:" />
	<Row3 Column0="lblSampleName" Column1="Sample Name:" Column2="Sample Name:" Column3="Sample Name:" Column4="Tên mẫu:" />
  </DataTable>
  <!--GridTable:gridView1-->
  <GridTable TableName="gridView1" CountOfRows="7" CountOfColumns="5">
    <ClomunName Column0="ID" Column1="EN" Column2="TW" Column3="CN" Column4="VN" />
  
	<Row0 Column0="SampleName" Column1="SampleID" Column2="樣品編碼" Column3="样品编码" Column4="Mã mẫu" />
	<Row1 Column0="LOT_NO" Column1="Material" Column2="物料號" Column3="物料号" Column4="Mã vật liệu" />
	<Row2 Column0="PropertyName" Column1="Property Name" Column2="屬性名稱" Column3="属性名称" Column4="Tên thuộc tính" />
	<Row3 Column0="Description_EN" Column1="Description_EN" Column2="描述EN" Column3="描述EN" Column4="Miêu tả (EN)" />
	<Row4 Column0="Description_TW" Column1="Description_TW" Column2="描述TW" Column3="描述TW" Column4="Miêu tả (TW)" />
	<Row5 Column0="Description_CN" Column1="Description_CN" Column2="描述CN" Column3="描述CN" Column4="Miêu tả (CN)" />
	<Row6 Column0="Description_VN" Column1="Description_VN" Column2="描述VN" Column3="备注" Column4="Miêu tả (VN)" />

  </GridTable>

  
	</Form>
