<?xml version="1.0" encoding="utf-8"?>
<Form>
  <!--DataTable:LanguageSetting-->
  <DataTable TableName="LanguageSetting" CountOfRows="9" CountOfColumns="5">
    <ClomunName Column0="ID" Column1="EN" Column2="TW" Column3="CN" Column4="VN" />
	<Row0 Column0="_Parameter" Column1="[Query Parameters]" Column2="[查询参数]" Column3="[查詢參數]" Column4="[Nội dung tìm kiếm]" />
	<Row1 Column0="btAdd" Column1="Add" Column2="Add" Column3="Add" Column4="Thêm" />
	<Row2 Column0="btDelete" Column1="Delete" Column2="Delete" Column3="Delete" Column4="Xóa" />
	<Row3 Column0="btReturn" Column1="Exit" Column2="Exit" Column3="Exit" Column4="Thoát" />
	<Row4 Column0="lblLabName" Column1="Lab Name:" Column2="實驗室名稱：" Column3="实验室名称：" Column4="Phòng thí nghiệm:" />
	<Row5 Column0="lblTypeName" Column1="Type Name:" Column2="分類:" Column3="分类:" Column4="Loại mẫu:" />
	<Row6 Column0="_Result" Column1="[Result]" Column2="[结果]" Column3="[結果]" Column4="[Nội dung hiển thị]" />
	<Row7 Column0="lblSampleName" Column1="Sample Name:" Column2="樣品名稱:" Column3="样品名称:" Column4="Tên mẫu:" />
	<Row8 Column0="lblLOTTONo" Column1="Material:" Column2="物料:" Column3="物料:" Column4="Vật liệu:" />
	
  </DataTable>
</Form>
