﻿<?xml version="1.0" encoding="utf-8"?>
<Form>
  <!--DataTable:LanguageSetting-->
  <DataTable TableName="LanguageSetting" CountOfRows="4" CountOfColumns="5" >
    <ClomunName Column0="ID" Column1="EN" Column2="CN" Column3="TW" Column4="VN" />
    <Row0 Column0="btSearch" Column1="Search" Column2="查询" Column3="查詢" Column4="Tìm Kiếm" />
    <Row1 Column0="btAdd" Column1="Add" Column2="添加" Column3="添加" Column4="Thêm" />
	<Row2 Column0="btDelete" Column1="Delete" Column2="删除" Column3="删除" Column4="Xoá" />
	<Row3 Column0="btupdate" Column1="Update" Column2="修改" Column3="修改" Column4="Sửa đổi" />
  </DataTable>
   <!--GridTable:gridView1-->
  <GridTable TableName="gridView1" CountOfRows="6" CountOfColumns="5">
    <ClomunName Column0="ID" Column1="EN" Column2="CN" Column3="TW" Column4="VN" />
    <Row0 Column0="ID" Column1="PackageID" Column2="PackageID" Column3="PackageID" Column4="PackageID" />
    <Row1 Column0="Description_EN" Column1="English" Column2="英语" Column3="英語" Column4="Tiếng Anh." />
    <Row2 Column0="Description_TW" Column1="Chinese" Column2="中文" Column3="繁體" Column4="Tiếng Trung." />
    <Row3 Column0="Description_CN" Column1="Chinese" Column2="中文" Column3="繁體" Column4="Tiếng Trung." />
    <Row4 Column0="Description_VN" Column1="Vietnamese" Column2="越南语" Column3="越南語" Column4="Tiếng Việt" />
    <Row5 Column0="AB" Column1="MaterialType" Column2="产品别" Column3="產品別" Column4="Loại sản phẩm." />
  </GridTable>
</Form>