<?xml version="1.0" encoding="utf-8"?>
<Form>
  <!--DataTable:LanguageSetting-->
  <DataTable TableName="LanguageSetting" CountOfRows="11" CountOfColumns="11">
    <ClomunName Column0="ID" Column1="EN" Column2="CN" Column3="TW" Column4="VN" />
	<Row0 Column0="btnAcceptVoucher" Column1="AcceptVoucher" Column2="按样品接受" Column3="按樣品接受" Column4="Chấp nhận đơn" />
	<Row1 Column0="btnRejectDraft" Column1="RejectDraft" Column2="按委托单退回" Column3="按委託單退回" Column4="Từ chối ủy thác" />
	<Row2 Column0="btSearch" Column1="Search" Column2="查询" Column3="查詢" Column4="Tìm" />
	<Row3 Column0="btnADraft" Column1="AcceptDraft" Column2="按委托单接受" Column3="按委託單接受" Column4="Chấp nhận ủy thác" />
	<Row4 Column0="btnExit" Column1="Exit" Column2="退出" Column3="退出" Column4="Thoát" />
	<Row5 Column0="btnRejectVoucher" Column1="RejectVoucher" Column2="按样品退回" Column3="按樣品退回" Column4="Từ chối đơn" />
	<Row6 Column0="btReturn" Column1="Return" Column2="退出" Column3="退出" Column4="Thoát" />
	<Row7 Column0="btDelete" Column1="Delete" Column2="删除" Column3="退出" Column4="Thoát" />
	<Row8 Column0="btAddPlan" Column1="AddPlan" Column2="添加计划" Column3="退出" Column4="Thoát" />
	
  </DataTable>
</Form>
