<?xml version="1.0" encoding="utf-8"?>
<Form>
  <!--DataTable:LanguageSetting-->
  <DataTable TableName="LanguageSetting" CountOfRows="11" CountOfColumns="11">
    <ClomunName Column0="ID" Column1="EN" Column2="CN" Column3="TW" Column4="VN" />
	<Row0 Column0="lbLine" Column1="Line" Column2="线别" Column3="線別" Column4="Line" />
	<Row1 Column0="lbLotNo" Column1="MaterialNO" Column2="物料号" Column3="物料號" Column4="Vật liệu" />
	<Row2 Column0="lblSampleName" Column1="SampleName" Column2="样品名称" Column3="樣品名稱" Column4="Tên mẫu" />
	<Row3 Column0="lbProduceDate" Column1="Produce Date" Column2="生产日期" Column3="生產日期" Column4="Ngày sản xuất" />
	<Row4 Column0="lbSampleID" Column1="SampleNO" Column2="样品编号" Column3="樣品編號" Column4="Mã số" />
	<Row5 Column0="lbVoucherID" Column1="VoucherID" Column2="单据号" Column3="單據號" Column4="Mã đơn" />
	<Row6 Column0="btnAccept" Column1="Accept" Column2="接受" Column3="接受" Column4="Chấp nhận" />
	<Row7 Column0="btnClose" Column1="Close" Column2="关闭" Column3="關閉" Column4="Đóng" />
	<Row8 Column0="btnReject" Column1="Reject" Column2="否決" Column3="否決" Column4="Từ chối" />
  </DataTable>
</Form>
