<?xml version="1.0" encoding="utf-8"?>
<Form>
  <!--DataTable:LanguageSetting-->
  <DataTable TableName="LanguageSetting" CountOfRows="11" CountOfColumns="5">
    <ClomunName Column0="ID" Column1="EN" Column2="TW" Column3="CN" Column4="VN" />
	<Row0 Column0="btNO" Column1="Cancel" Column2="取 消" Column3="取 消" Column4="Hủy" />
	<Row1 Column0="btYes" Column1="OK" Column2="確認" Column3="确认" Column4="Xác nhận" />
	<Row2 Column0="lblCreateType" Column1="Plan Type:" Column2="單據類型:" Column3="单据类型::" Column4="Loại đơn:" />
	<Row3 Column0="lblLine" Column1="Line:" Column2="線別:" Column3="线别:" Column4="Mã dây chuyền:" />
	<Row4 Column0="lblProdDate" Column1="Produce Date:" Column2="取樣時間:" Column3="取样时间:" Column4="Ngày tạo:" />
	<Row5 Column0="lblRemark" Column1="Remark:" Column2="備註：" Column3="备注：" Column4="Ghi chú:" />
	<Row6 Column0="lbReason" Column1="Please enter the following information:" Column2="請輸入以下信息:" Column3="请输入以下信息：" Column4="Vui lòng nhập thông tin:" />
	<Row7 Column0="lblHasChart" Column1="HasChart:" Column2="图表" Column3="图表" Column4="Biểu đồ" />
  </DataTable>
</Form>
