<?xml version="1.0" encoding="utf-8"?>
<Form>
  <!--DataTable:LanguageSetting-->
  <DataTable TableName="LanguageSetting" CountOfRows="11" CountOfColumns="11">
    <ClomunName Column0="ID" Column1="EN" Column2="TW" Column3="CN" Column4="VN" />
	<Row0 Column0="lblMaterial" Column1="Material No::" Column2="物料號:" Column3="物料号:" Column4="Mã vật liệu:" />
	<Row1 Column0="lblMaterialSpec" Column1="Material Spec:" Column2="物料規格:" Column3="物料规格:" Column4="Thông số kỹ thuật:" />
	<Row2 Column0="lblOrderNo" Column1="PO_NO:" Column2="訂單號:" Column3="订单号:" Column4="Mã tài chính:" />
	<Row3 Column0="lblPOQuantity" Column1="PO Quantity::" Column2="收貨數量:" Column3="收货数量:" Column4="Số lượng theo PO:" />
	<Row4 Column0="lblSampleQuantity" Column1="SampleQuantity:" Column2="數量:" Column3="数量:" Column4="Số lượng:" />
	<Row5 Column0="lblUnit" Column1="Unit:" Column2="單位:" Column3="單位:" Column4="Đơn vị:" />
	<Row6 Column0="lblProductDate" Column1="ProdDate:" Column2="生產日期:" Column3="生产日期::" Column4="Ngày sản xuất:" />
	<Row7 Column0="lblRemark" Column1="Remark:" Column2="備註:" Column3="备注:" Column4="Ghi chú:" />
	<Row8 Column0="btYes" Column1="Yes" Column2="保存" Column3="保存" Column4="Xác nhận" />
	<Ro9 Column0="btNO" Column1="NO" Column2="取 消:" Column3="备注" Column4="Hủy bỏ" />
	<Row10 Column0="lblReason" Column1="Please enter the information:" Column2="請輸入信息：" Column3="请输入信息：" Column4="Vui lòng nhập thông tin:" />
  </DataTable>
</Form>
