<?xml version="1.0" encoding="utf-8"?>
<Form>
  <!--DataTable:LanguageSetting-->
  <DataTable TableName="LanguageSetting" CountOfRows="9" CountOfColumns="5">
    <ClomunName Column0="ID" Column1="EN" Column2="TW" Column3="CN" Column4="VN" />
	<Row0 Column0="btSearchPlan" Column1="Search" Column2="查詢" Column3="查询" Column4="Tìm" />
	<Row1 Column0="btSearchSubmitted" Column1="Search Submitted" Column2="查询释放单据" Column3="查询释放单据" Column4="Tìm đơn đã xác nhận" />
	<Row2 Column0="btItemSubmit" Column1="Item Submit" Column2="部分確認" Column3="部分确认" Column4="Xác nhận thuộc tính" />
	<Row3 Column0="btItemReverse" Column1="Item Reverse" Column2="取消确认" Column3="取消确认" Column4="Khôi phục thuộc tính" />
	<Row4 Column0="btVoucherIDSubmit" Column1="Voucher Submit" Column2="单据确认" Column3="单据确认" Column4="Xác nhận  đơn" />
	<Row5 Column0="btVoucherReverse" Column1="Voucher Reverse" Column2="單據釋放" Column3="单据释放" Column4="Khôi phục  đơn" />
	<Row6 Column0="btReturn" Column1="Exit" Column2="退出" Column3="退出" Column4="Thoát" />
  </DataTable>
</Form>
