<?xml version="1.0" encoding="utf-8"?>
<Form>
<DataTable TableName="LanguageSetting" CountOfRows="5" CountOfColumns="5">
		<ClomunName Column0="ID" Column1="EN" Column2="CN" Column3="TW" Column4="VN" />
		<Row1 Column0="lblDateTo" Column1="To:" Column2="To:" Column3="To:" Column4="[Nội dung tìm kiếm]" />
		<Row2 Column0="lblPlant" Column1="Line:" Column2="Line:" Column3="[Query Parameters]" Column4="[Nội dung tìm kiếm]" />
		<Row3 Column0="lblMaterial" Column1="Material:" Column2="Material:" Column3="[Query Parameters]" Column4="[Nội dung tìm kiếm]" />
		<Row4 Column0="lblBatch" Column1="SILO:" Column2="SILO:" Column3="[Query Parameters]" Column4="[Nội dung tìm kiếm]" />
		<Row5 Column0="lblDateFrom" Column1="From Date:" Column2="From Date:" Column3="[Query Parameters]" Column4="[Nội dung tìm kiếm]" />
		<Row6 Column0="labelControl1" Column1="BarCode:" Column2="BarCode:" Column3="[Query Parameters]" Column4="[Nội dung tìm kiếm]" />
	</DataTable>

<GridTable TableName="gridView1" CountOfRows="7" CountOfColumns="5">
		<ClomunName Column0="ID" Column1="EN" Column2="CN" Column3="TW" Column4="VN" />
		<Row0 Column0="BarCode" Column1="BarCode" Column2="BarCode" Column3="BarCode" Column4="Tên mẫu" />
		<Row1 Column0="MaterialNO" Column1="MaterialNO" Column2="MaterialNO" Column3="MaterialNO" Column4="Tên mẫu" />
		<Row2 Column0="ProdSpec" Column1="ProdSpec" Column2="ProdSpec" Column3="ProdSpec" Column4="Tên mẫu" />
		<Row3 Column0="CenterID" Column1="CenterID" Column2="CenterID" Column3="CenterID" Column4="Tên mẫu" />
		<Row4 Column0="Plant" Column1="Plant" Column2="Plant" Column3="Plant" Column4="Tên mẫu" />
		<Row5 Column0="Loc" Column1="Loc" Column2="Loc" Column3="Loc" Column4="Tên mẫu" />
		<Row6 Column0="Batch" Column1="Batch" Column2="Batch" Column3="Batch" Column4="Tên mẫu" />
		<Row7 Column0="Num" Column1="Num" Column2="Num" Column3="Num" Column4="Tên mẫu" />
		<Row8 Column0="Version0" Column1="Version0" Column2="Version0" Column3="Version0" Column4="Tên mẫu" />		
		<Row9 Column0="Version" Column1="Version" Column2="Version" Column3="Version" Column4="Tên mẫu" />
		<Row10 Column0="ProdDate" Column1="ProdDate" Column2="ProdDate" Column3="ProdDate" Column4="Tên mẫu" />
		<Row11 Column0="State" Column1="State" Column2="State" Column3="State" Column4="Tên mẫu" />
		<Row12 Column0="UserID" Column1="UserID" Column2="UserID" Column3="UserID" Column4="Tên mẫu" />	
		<Row13 Column0="Counter" Column1="Counter" Column2="Counter" Column3="Counter" Column4="Tên mẫu" />
		<Row14 Column0="Stamp" Column1="Stamp" Column2="Stamp" Column3="Stamp" Column4="Tên mẫu" />
		<Row15 Column0="Checker" Column1="Checker" Column2="Checker" Column3="Checker" Column4="Tên mẫu" />
		<Row16 Column0="LastVouID" Column1="LastVouID" Column2="LastVouID" Column3="LastVouID" Column4="Tên mẫu" />	
		<Row17 Column0="PreVouID" Column1="PreVouID" Column2="PreVouID" Column3="PreVouID" Column4="Tên mẫu" />
		<Row18 Column0="TableName" Column1="TableName" Column2="TableName" Column3="TableName" Column4="Tên mẫu" />
		<Row19 Column0="Remark" Column1="Remark" Column2="Remark" Column3="Remark" Column4="Tên mẫu" />
		<Row20 Column0="LabelDate" Column1="LabelDate" Column2="LabelDate" Column3="LabelDate" Column4="Tên mẫu" />			
	</GridTable>
</Form>