<?xml version="1.0" encoding="utf-8"?>
<Form>
	<DataTable TableName="LanguageSetting" CountOfRows="5" CountOfColumns="5">
		<ClomunName Column0="ID" Column1="EN" Column2="CN" Column3="TW" Column4="VN" />
		<Row1 Column0="lblLineNo" Column1="Line No:" Column2="线别:" Column3="[Query Parameters]" Column4="[Nội dung tìm kiếm]" />
		<Row2 Column0="lblSampleName" Column1="Sample Name:" Column2="Sample Name:" Column3="[Query Parameters]" Column4="[Nội dung tìm kiếm]" />
		<Row3 Column0="lblLOTTO" Column1="Material No:" Column2="Material No:" Column3="[Query Parameters]" Column4="[Nội dung tìm kiếm]" />
		<Row4 Column0="lblTypeName" Column1="Type Name:" Column2="Type Name:" Column3="[Query Parameters]" Column4="[Nội dung tìm kiếm]" />
		<Row5 Column0="lblLabName" Column1="Lab Name:" Column2="Lab Name:" Column3="[Query Parameters]" Column4="[Nội dung tìm kiếm]" />
	</DataTable>
	<GridTable TableName="gridView1" CountOfRows="7" CountOfColumns="5">
		<ClomunName Column0="ID" Column1="EN" Column2="CN" Column3="TW" Column4="VN" />
		<Row0 Column0="SampleName" Column1="SampleName" Column2="SampleName" Column3="SampleName" Column4="Tên mẫu" />
		<Row1 Column0="LOT_NO" Column1="LOT_NO" Column2="LOT_NO" Column3="LOT_NO" Column4="Tên mẫu" />
		<Row2 Column0="LINE" Column1="LINE" Column2="LINE" Column3="LINE" Column4="Tên mẫu" />
		<Row3 Column0="PropertyName" Column1="PropertyName" Column2="PropertyName" Column3="PropertyName" Column4="Tên mẫu" />
		<Row4 Column0="UCL" Column1="UCL" Column2="UCL" Column3="UCL" Column4="Tên mẫu" />
		<Row5 Column0="LCL" Column1="LCL" Column2="LCL" Column3="LCL" Column4="Tên mẫu" />
		<Row6 Column0="CreateDate" Column1="CreateDate" Column2="CreateDate" Column3="CreateDate" Column4="Tên mẫu" />
		<Row7 Column0="LastModify" Column1="LastModify" Column2="LastModify" Column3="LastModify" Column4="Tên mẫu" />
		<Row8 Column0="Remark" Column1="Remark" Column2="Remark" Column3="Remark" Column4="Tên mẫu" />
		
	</GridTable>
</Form>