<?xml version="1.0" encoding="utf-8"?>
<Form>
	<DataTable TableName="LanguageSetting" CountOfRows="5" CountOfColumns="5">
		<ClomunName Column0="ID" Column1="EN" Column2="CN" Column3="TW" Column4="VN" />
		<Row0 Column0="lbReason" Column1="Please enter the information" Column2="请输入信息！" Column3="[Query Parameters]" Column4="[Nội dung tìm kiếm]" />
		<Row1 Column0="btNO" Column1="Cancel" Column2="取消" Column3="[Query Parameters]" Column4="[Nội dung tìm kiếm]" />
		<Row2 Column0="btYes" Column1="Confirm" Column2="确认" Column3="[Query Parameters]" Column4="[Nội dung tìm kiếm]" />
		<Row3 Column0="lblSampleName" Column1="Sample Name:" Column2="Sample Name:" Column3="[Query Parameters]" Column4="[Nội dung tìm kiếm]" />
		<Row4 Column0="lblProperty" Column1="Property:" Column2="Property:" Column3="[Query Parameters]" Column4="[Nội dung tìm kiếm]" />
		<Row5 Column0="lblUCL" Column1="UCL:" Column2="UCL:" Column3="[Query Parameters]" Column4="[Nội dung tìm kiếm]" />
		<Row6 Column0="lblLCL" Column1="LCL:" Column2="LCL:" Column3="[Query Parameters]" Column4="[Nội dung tìm kiếm]" />
		<Row7 Column0="lblMaterial" Column1="Material No:" Column2="Material No:" Column3="[Query Parameters]" Column4="[Nội dung tìm kiếm]" />
		<Row8 Column0="lblLineNo" Column1="Line No:" Column2="Line No:" Column3="[Query Parameters]" Column4="[Nội dung tìm kiếm]" />
		<Row9 Column0="lblDate" Column1="Created Date:" Column2="Created Date:" Column3="[Query Parameters]" Column4="[Nội dung tìm kiếm]" />
		<Row10 Column0="lblRemark" Column1="Remark:" Column2="Remark:" Column3="[Query Parameters]" Column4="[Nội dung tìm kiếm]" />
	</DataTable>
</Form>