﻿<?xml version="1.0" encoding="utf-8"?>
<Form>
  <!--DataTable:LanguageSetting-->
  <DataTable TableName="LanguageSetting" CountOfRows="17" CountOfColumns="5" >
    <ClomunName Column0="ID" Column1="EN" Column2="CN" Column3="TW" Column4="VN" />
    <Row0 Column0="label12" Column1="Delivery No:" Column2="发货单:" Column3="發貨單:" Column4="发货单:" />
    <Row1 Column0="label4" Column1="Items" Column2="项次" Column3="項次" Column4="项次" />
	<Row2 Column0="label9" Column1="Voucher ID" Column2="凭证号" Column3="憑證號" Column4="凭证号" />
	<Row3 Column0="label2" Column1="Delivery side" Column2="Delivery side" Column3="Delivery side" Column4="Delivery side" />
	<Row4 Column0="label11" Column1="Transaction" Column2="操作事务" Column3="操作事務" Column4="操作事务" />
	<Row5 Column0="label1" Column1="Name/Address" Column2="名称/地址" Column3="名稱/地址" Column4="名称/地址" />
	<Row6 Column0="label16" Column1="Dealership" Column2="车行" Column3="車行" Column4="车行" />
	<Row7 Column0="label13" Column1="Car number" Column2="车号" Column3="車號" Column4="车号" />
	<Row8 Column0="label10" Column1="Cabinet No" Column2="柜号" Column3="櫃號" Column4="柜号" />
	<Row9 Column0="label14" Column1="Driver" Column2="司机" Column3="司機" Column4="司机" />
	<Row10 Column0="label7" Column1="Driver phone" Column2="司机电话" Column3="司機電話" Column4="司机电话" />
	<Row11 Column0="label15" Column1="Total Box" Column2="总箱数" Column3="總箱數" Column4="总箱数" />
	<Row12 Column0="label5" Column1="Total Pallets" Column2="总装箱架" Column3="總裝箱架" Column4="总装箱架" />
	<Row13 Column0="label17" Column1="Weight" Column2="重量" Column3="重量" Column4="重量" />
	<Row14 Column0="label6" Column1="Pallet weight" Column2="托盘重量" Column3="託盤重量" Column4="托盘重量" />
	<Row15 Column0="label3" Column1="Cost Center" Column2="成本中心" Column3="成本中心" Column4="成本中心" />
	<Row16 Column0="label18" Column1="Check with the date" Column2="检配日期" Column3="檢配日期" Column4="检配日期" />
  </DataTable>
     <GridTable TableName="gridView4" CountOfRows="12" CountOfColumns="5">
    <ClomunName Column0="ID" Column1="EN" Column2="CN" Column3="TW" Column4="VN" />
		<Row0 Column0="BarCode" Column1="BarCode" Column2="包号" Column3="包號" Column4="包号" />		
		<Row1 Column0="MaterialNO" Column1="MaterialNO" Column2="物料" Column3="物料" Column4="物料" />	
		<Row2 Column0="ProdSpec" Column1="ProdSpec" Column2="物料描述" Column3="物料描述" Column4="物料描述" />	
		<Row3 Column0="Batch" Column1="Batch" Column2="批次" Column3="批次" Column4="批次" />				
		<Row4 Column0="Num" Column1="Num" Column2="净重" Column3="淨重" Column4="净重" />	
		<Row5 Column0="GWT" Column1="GWT" Column2="毛重" Column3="毛重" Column4="毛重" />	
		<Row6 Column0="ProdDate" Column1="ProdDate" Column2="生产日期" Column3="生產日期" Column4="生产日期" />	
		<Row7 Column0="State" Column1="State" Column2="状态" Column3="狀態" Column4="状态" />	
		<Row8 Column0="UserID" Column1="UserID" Column2="申请" Column3="申請" Column4="申请" />	
		<Row9 Column0="Counter" Column1="Counter" Column2="打印次数" Column3="列印次數" Column4="打印次数" />	
		<Row10 Column0="SILO" Column1="SILO" Column2="SILO" Column3="SILO" Column4="SILO" />	
		<Row11 Column0="Store" Column1="Store" Column2="库位" Column3="庫位" Column4="库位" />	
    </GridTable>
</Form>