﻿<?xml version="1.0" encoding="utf-8"?>
<Form>
  <!--DataTable:LanguageSetting-->
  <DataTable TableName="LanguageSetting" CountOfRows="11" CountOfColumns="5">
    <ClomunName Column0="ID" Column1="EN" Column2="CN" Column3="TW" Column4="VN" />
    <Row0 Column0="btQuerySAH" Column1="Search" Column2="查询" Column3="査詢" Column4="查询" />
    <Row1 Column0="btDownDate" Column1="Update" Column2="修改" Column3="修改" Column4="修改" />
    <Row2 Column0="btPackList" Column1="Plan Details" Column2="详细计划" Column3="詳細計畫" Column4="详细计划" />
    <Row3 Column0="butSelectTruck" Column1="SelectTruck" Column2="选择卡车" Column3="選擇卡車" Column4="选择卡车" />
    <Row4 Column0="btQPass" Column1="Submit Review" Column2="提交审核" Column3="提交審核" Column4="提交审核" />
    <Row5 Column0="btEdit" Column1="Edit" Column2="编辑" Column3="編輯" Column4="编辑" />
    <Row6 Column0="btSaveSah" Column1="Save" Column2="保存" Column3="保存" Column4="保存" />
    <Row7 Column0="btPrintVoucher" Column1="Print Loading Job" Column2="打印装货" Column3="打印裝貨" Column4="打印装货" />
    <Row8 Column0="bt2In" Column1="Pick In" Column2="入库" Column3="入庫" Column4="入库" />
    <Row9 Column0="bt2Out" Column1="Pick Out" Column2="出库" Column3="出庫" Column4="出库" />
    <Row10 Column0="btReturn" Column1="Return" Column2="返回" Column3="返回" Column4="返回" />
  </DataTable>
 </Form>