﻿<?xml version="1.0" encoding="utf-8"?>
<Form>
  <!--DataTable:LanguageSetting-->
  <DataTable TableName="LanguageSetting" CountOfRows="12" CountOfColumns="5" >
    <ClomunName Column0="ID" Column1="EN" Column2="CN" Column3="TW" Column4="VN" />
    <Row0 Column0="_ParameterPanel" Column1="QueryParameters:" Column2="[查询参数]" Column3="[査詢參數]" Column4="[查询参数]" />
    <Row1 Column0="label27" Column1="DateRange" Column2="区间日期:" Column3="區間日期:" Column4="区间日期:" />
	<Row2 Column0="label26" Column1="TO" Column2="到" Column3="到" Column4="到" />
	<Row3 Column0="label1" Column1="BarCode" Column2="包号:" Column3="包號:" Column4="包号:" />
	<Row4 Column0="label2" Column1="VoucherID" Column2="单号:" Column3="單號:" Column4="单号:" />
	<Row5 Column0="btSerch" Column1="SearchBarCode" Column2=">>查找包号" Column3=">>查找包號" Column4=">>查找包号" />
	<Row6 Column0="label3" Column1="FilePath" Column2="文件路径:" Column3="檔案路徑:" Column4="文件路径:" />
	<Row7 Column0="btBrowns" Column1="browse" Column2="浏览..." Column3="瀏覽…" Column4="浏览..." />
	<Row8 Column0="groupPanel1" Column1="ImportParameters" Column2="[导入参数]" Column3="[導入參數]" Column4="[导入参数]" />
	<Row9 Column0="groupPanel2" Column1="ImportParameters" Column2="[导入参数]" Column3="[導入參數]" Column4="[导入参数]" />
	<Row10 Column0="label4" Column1="FilePath" Column2="文件路径" Column3="檔案路徑" Column4="文件路径" />
	<Row11 Column0="btBrownsTH" Column1="browse" Column2="浏览..." Column3="瀏覽…" Column4="浏览..." />
  </DataTable>
     <GridTable TableName="gridView1" CountOfRows="11" CountOfColumns="5">
    <ClomunName Column0="ID" Column1="EN" Column2="CN" Column3="TW" Column4="VN" />
		<Row0 Column0="BarCode" Column1="BarCode" Column2="包号" Column3="包號" Column4="包号" />		
		<Row1 Column0="MaterialNO" Column1="MaterialNO" Column2="物料" Column3="物料" Column4="物料" />	
		<Row2 Column0="ProdSpec" Column1="ProdSpec" Column2="物料描述" Column3="物料描述" Column4="物料描述" />		
		<Row3 Column0="Num" Column1="Num" Column2="净重" Column3="淨重" Column4="净重" />	
		<Row4 Column0="GWT" Column1="GWT" Column2="毛重" Column3="毛重" Column4="毛重" />	
		<Row5 Column0="ProdDate" Column1="ProdDate" Column2="生产日期" Column3="生產日期" Column4="生产日期" />	
		<Row6 Column0="LINE" Column1="LINE" Column2="LINE" Column3="LINE" Column4="LINE" />	
		<Row7 Column0="GRADE" Column1="GRADE" Column2="GRADE" Column3="GRADE" Column4="GRADE" />	
		<Row8 Column0="GRADES" Column1="GRADES" Column2="GRADES" Column3="GRADES" Column4="GRADES" />	
		<Row9 Column0="SILO" Column1="SILO" Column2="SILO" Column3="SILO" Column4="SILO" />	
		<Row10 Column0="PackageID" Column1="PackageID" Column2="包装号" Column3="包裝號" Column4="包装号" />	
    </GridTable>
</Form>