﻿<?xml version="1.0" encoding="utf-8"?>
<Form>
	<!--DataTable:LanguageSetting-->
    <DataTable TableName="LanguageSetting" CountOfRows="9" CountOfColumns="5">
    <ClomunName Column0="ID" Column1="EN" Column2="CN" Column3="TW" Column4="VN" />
    
    </DataTable>

  <!--GridTable:gridView1-->
  <GridTable TableName="gridView1" CountOfRows="28" CountOfColumns="5">
    <ClomunName Column0="ID" Column1="EN" Column2="CN" Column3="TW" Column4="VN" />
    <Row0 Column0="VBELN" Column1="VBELN" Column2="交货单号" Column3="交貨單號" Column4="交货单号" />
    <Row1 Column0="LFART" Column1="LFART" Column2="交货类型" Column3="交貨類型" Column4="交货类型" />
    <Row2 Column0="KUNNR" Column1="KUNNR" Column2="送达方" Column3="送達方" Column4="送达方" />
    <Row3 Column0="EPEFLAG" Column1="EPEFLAG" Column2="是否为EPE客户" Column3="是否為EPE客戶" Column4="是否为EPE客户" />
    <Row4 Column0="WADAT" Column1="WADAT" Column2="计划发货日" Column3="計畫發貨日" Column4="计划发货日" />
    <Row5 Column0="KUNAG" Column1="KUNAG" Column2="客户代码" Column3="客戶程式碼" Column4="客户代码" />
    <Row6 Column0="NAME11" Column1="NAME11" Column2="送达方名称1-0（英文）" Column3="送達方名稱1-0（英文）" Column4="送达方名称1-0（英文）" />
    <Row7 Column0="NAME12" Column1="NAME12" Column2="送达方名称1-1（越文）" Column3="送達方名稱1-1（越文）" Column4="送达方名称1-1（越文）" />
    <Row8 Column0="NAME21" Column1="NAME21" Column2="售达方名称2-0（英文）" Column3="售達方名稱2-0（英文）" Column4="售达方名称2-0（英文）" />
    <Row9 Column0="NAME22" Column1="NAME22" Column2="售达方名称2-1（越文）" Column3="售達方名稱2-1（越文）" Column4="售达方名称2-1（越文）" />
    <Row10 Column0="STREET1" Column1="STREET1" Column2="街道-0（英文）" Column3="街道-0（英文）" Column4="街道-0（英文）" />
    <Row11 Column0="STREET2" Column1="STREET2" Column2="街道-0（越文）" Column3="街道-0（越文）" Column4="街道-0（越文）" />
    <Row12 Column0="INCO1" Column1="INCO1" Column2="国际贸易条件" Column3="國際貿易條件" Column4="国际贸易条件" />
    <Row13 Column0="INCO2" Column1="INCO2" Column2="国际贸易条件2" Column3="國際貿易條件2" Column4="国际贸易条件2" />
    <Row14 Column0="VTEXT1" Column1="VTEXT1" Column2="包装方式" Column3="包裝管道" Column4="包装方式" />
    <Row15 Column0="VTEXT2" Column1="VTEXT2" Column2="装运条件" Column3="裝運條件" Column4="装运条件" />
    <Row16 Column0="BEZEI" Column1="BEZEI" Column2="装运类型" Column3="裝運類型" Column4="装运类型" />
    <Row17 Column0="BTGEW" Column1="BTGEW" Column2="总重量" Column3="總重量" Column4="总重量" />
    <Row18 Column0="GEWEI" Column1="GEWEI" Column2="单位" Column3="單位" Column4="单位" />
    <Row19 Column0="NTGEW" Column1="NTGEW" Column2="净重量" Column3="淨重量" Column4="净重量" />
    <Row20 Column0="BEZEI1" Column1="BEZEI1" Column2="业务员" Column3="業務員" Column4="业务员" />
    <Row21 Column0="BEZEI2" Column1="BEZEI2" Column2="业务助理" Column3="業務助理" Column4="业务助理" />
    <Row22 Column0="REMARK" Column1="REMARK" Column2="备注" Column3="備註" Column4="备注" />
     <Row23 Column0="TruckCompany" Column1="运输公司" Column2="运输公司" Column3="运输公司" Column4="运输公司" />
    <Row24 Column0="TuckID" Column1="TuckID" Column2="车号" Column3="车号" Column4="车号" />
    <Row25 Column0="CounterID" Column1="CounterID" Column2="柜号" Column3="柜号" Column4="柜号" />
     <Row26 Column0="Driver" Column1="Driver" Column2="司机" Column3="司机" Column4="司机" />
     <Row27 Column0="Tel" Column1="Tel" Column2="电话" Column3="电话" Column4="电话" />
  </GridTable>
   <GridTable TableName="gridView3" CountOfRows="29" CountOfColumns="5">
    <ClomunName Column0="ID" Column1="EN" Column2="CN" Column3="TW" Column4="VN" />
		<Row0 Column0="VBELN" Column1="VBELN" Column2="交货单号" Column3="交貨單號" Column4="交货单号" />		
		<Row1 Column0="POSNR" Column1="POSNR" Column2="项目号" Column3="項目號" Column4="项目号" />	
		<Row2 Column0="VoucherID" Column1="VoucherID" Column2="凭证号" Column3="憑證號" Column4="凭证号" />	
		<Row3 Column0="AB" Column1="AB" Column2="产品别" Column3="產品別" Column4="产品别" />				
		<Row4 Column0="CenterID" Column1="CenterID" Column2="成本中心" Column3="成本中心" Column4="成本中心" />	
		<Row5 Column0="MaterialNO" Column1="MaterialNO" Column2="物料号" Column3="物料號" Column4="物料号" />	
		<Row6 Column0="ProdSpec" Column1="ProdSpec" Column2="物料描述" Column3="物料描述" Column4="物料描述" />	
		<Row7 Column0="Plant" Column1="Plant" Column2="工厂" Column3="工廠" Column4="工厂" />	
		<Row8 Column0="Loc" Column1="Loc" Column2="地点" Column3="地點" Column4="地点" />	
		<Row9 Column0="Batch" Column1="Batch" Column2="批次" Column3="批次" Column4="批次" />	
		<Row10 Column0="TatolCount" Column1="TatolCount" Column2="净重" Column3="淨重" Column4="净重" />	
		<Row11 Column0="PickNum" Column1="PickNum" Column2="毛重" Column3="毛重" Column4="毛重" />	
		<Row12 Column0="VRKME" Column1="VRKME" Column2="销售单位" Column3="銷售單位" Column4="销售单位" />	
		<Row13 Column0="UserID" Column1="UserID" Column2="用户名" Column3="用戶名" Column4="用户名" />	
		<Row14 Column0="AccDate" Column1="AccDate" Column2="访问日期" Column3="訪問日期" Column4="访问日期" />	
		<Row15 Column0="State" Column1="State" Column2="状态" Column3="狀態" Column4="状态" />	
		<Row16 Column0="SAP" Column1="SAP" Column2="SAP" Column3="SAP" Column4="SAP" />	
		<Row17 Column0="TransID" Column1="TransID" Column2="事务类型" Column3="事務類型" Column4="事务类型" />	
		<Row18 Column0="AESKD" Column1="AESKD" Column2="船期编号" Column3="船期編號" Column4="船期编号" />	
		<Row19 Column0="VTWEG" Column1="VTWEG" Column2="分销渠道" Column3="分銷管道" Column4="分销渠道" />	
		<Row20 Column0="SPART" Column1="AESKD" Column2="产品组" Column3="產品組" Column4="产品组" />	
		<Row21 Column0="VGBEL" Column1="VGBEL" Column2="参考订单" Column3="參攷訂單" Column4="参考订单" />	
		<Row22 Column0="VGPOS" Column1="VGPOS" Column2="参考项目" Column3="參攷項目" Column4="参考项目" />	
		<Row23 Column0="ARKTX" Column1="ARKTX" Column2="物料名称" Column3="物料名稱" Column4="物料名称" />	
		<Row24 Column0="WADAT" Column1="WADAT" Column2="交货日期" Column3="交貨日期" Column4="交货日期" />	
		<Row25 Column0="MATKL" Column1="MATKL" Column2="物料组" Column3="物料組" Column4="物料组" />	
		<Row26 Column0="VRKME1" Column1="VRKME1" Column2="单位" Column3="單位" Column4="单位" />	
		<Row27 Column0="PSW" Column1="PSW" Column2="应发量" Column3="應發量" Column4="应发量" />	
		<Row28 Column0="SAPPickDate" Column1="SAPPickDate" Column2="SAP拣配日期" Column3="SAP拣配日期" Column4="SAP揀配日期" />	
		
    </GridTable>
</Form>