﻿<?xml version="1.0" encoding="utf-8"?>
<Form>
  <!--DataTable:LanguageSetting-->
  <DataTable TableName="LanguageSetting" CountOfRows="9" CountOfColumns="5">
    <ClomunName Column0="ID" Column1="EN" Column2="CN" Column3="TW" Column4="VN" />
    	<Row0 Column0="btQuerySAH" Column1="Search" Column2="下载\查询" Column3="下載\查詢" Column4="Search" />
    	<Row1 Column0="butNewBy" Column1="New" Column2="依凭证新建" Column3="依憑證新建" Column4="New" />
    	<Row2 Column0="btReVoucher" Column1="New" Column2="依凭证新建退货单" Column3="依憑證新建退貨單" Column4="New" />
	<Row3 Column0="btRockback" Column1="Rollback" Column2="冲销" Column3="沖銷" Column4="Rollback" />
    	<Row4 Column0="btQPass" Column1="Submit" Column2="提交审核" Column3="提交審核" Column4="Submit" />
	<Row5 Column0="btSaveSah" Column1="Save" Column2="保存" Column3="保存" Column4="Save" />
    	<Row6 Column0="bt2In" Column1="Pick" Column2="拣配" Column3="揀配" Column4="Pick" />
	<Row7 Column0="bt2Out" Column1="UnPick" Column2="退拣" Column3="退揀" Column4="UnPick" />
    	<Row8 Column0="btReturn" Column1="Return" Column2="返回" Column3="返回" Column4="Return" />
  </DataTable>
</Form>
