﻿<?xml version="1.0" encoding="utf-8"?>
<Form>
	<!--DataTable:LanguageSetting-->
  <DataTable TableName="LanguageSetting" CountOfRows="1" CountOfColumns="5">
    <ClomunName Column0="ID" Column1="EN" Column2="CN" Column3="TW" Column4="VN" />
    <Row0 Column0="btCreatBarCode" Column1="Add" Column2="添加" Column3="添加" Column4="添加" />
  </DataTable>
  <!--GridTable:gridView1-->
  <GridTable TableName="gridViewGood1" CountOfRows="6" CountOfColumns="5">
    <ClomunName Column0="ID" Column1="EN" Column2="CN" Column3="TW" Column4="VN" />
    <Row0 Column0="BarCode" Column1="BarCode" Column2="包号" Column3="包號" Column4="包号" />
    <Row1 Column0="CenterID" Column1="CenterID" Column2="成本中心" Column3="成本中心" Column4="成本中心" />
    <Row2 Column0="ProdDate" Column1="ProdDate" Column2="生产日期" Column3="生產日期" Column4="生产日期" />
    <Row3 Column0="Counter" Column1="Counter" Column2="Counter" Column3="Counter" Column4="Counter" />
    <Row4 Column0="UserID" Column1="UserID" Column2="用户名" Column3="用戶名" Column4="用户名" />
    <Row5 Column0="KUNAG" Column1="KUNAG" Column2="客户代码" Column3="客戶程式碼" Column4="客户代码" />
  </GridTable>
</Form>