﻿<?xml version="1.0" encoding="utf-8"?>
<Form>
  <!--DataTable:LanguageSetting-->
  <DataTable TableName="LanguageSetting" CountOfRows="1" CountOfColumns="5">
    <ClomunName Column0="ID" Column1="EN" Column2="CN" Column3="TW" Column4="VN" />
    <Row0 Column0="xtraTabPage1" Column1="result" Column2="查询结果" Column3="查詢結果" Column4="result" />
  </DataTable>
  <!--GridTable:gridView1-->
  <GridTable TableName="gridView1" CountOfRows="15" CountOfColumns="5">
    <ClomunName Column0="ID" Column1="EN" Column2="CN" Column3="TW" Column4="VN" />
    <Row0 Column0="BarCode" Column1="Barcode" Column2="条码" Column3="條碼" Column4="Mã vạch" />
    <Row1 Column0="MaterialNO" Column1="Material No" Column2="物料号" Column3="物料號" Column4="Mã vật phẩm" />
    <Row2 Column0="ProdSpec" Column1="ProdSpec" Column2="产品" Column3="產品" Column4="Sản phẩm" />
    <Row3 Column0="Plant" Column1="Plant" Column2="工厂" Column3="工廠" Column4="Nhà máy" />
    <Row4 Column0="Loc" Column1="Location" Column2="位置" Column3="位置" Column4="Vị trí" />
    <Row5 Column0="ProdDate" Column1="Prod Date" Column2="生产日期" Column3="生產日期" Column4="Ngày sản xuất" />
    <Row6 Column0="Batch" Column1="Batch" Column2="批次" Column3="批次" Column4="Lô hàng" />
    <Row7 Column0="NetWeight" Column1="Net Weight" Column2="净重" Column3="淨重" Column4="Trọng lượng thuần" />
    <Row8 Column0="Version" Column1="Version" Column2="版本" Column3="版本" Column4="Phiên bản" />
    <Row9 Column0="state" Column1="State" Column2="状态" Column3="狀態" Column4="Trang thái" />
    <Row10 Column0="Counter" Column1="Counter" Column2="数量" Column3="數量" Column4="Số lượng" />
	<Row11 Column0="UserID" Column1="UserID" Column2="员工号" Column3="員工號" Column4="Mã nhân viên" />
	<Row12 Column0="CenterID" Column1="Cost Center" Column2="成本中心" Column3="成本中心" Column4="Trung tâm chi phí" />
	<Row13 Column0="LastVouID" Column1="LastVouID" Column2="最后单据号" Column3="最後單據號" Column4="Mã đơn cuối" />
	<Row14 Column0="Remark" Column1="Remark" Column2="备注" Column3="備註" Column4="Ghi chú" />
  </GridTable>
</Form>