﻿<?xml version="1.0" encoding="utf-8"?>
<Form>
  <!--DataTable:LanguageSetting-->
  <DataTable TableName="LanguageSetting" CountOfRows="10" CountOfColumns="5">
    <ClomunName Column0="ID" Column1="EN" Column2="CN" Column3="TW" Column4="VN" />
    <Row0 Column0="groupPanel1" Column1="Query conditions" Column2="查询条件" Column3="查詢條件" Column4="Điều kiện tìm kiếm" />
    <Row1 Column0="label3" Column1="Date To" Column2="至" Column3="至" Column4="Đến ngày" />
    <Row2 Column0="label6" Column1="Date From" Column2="从" Column3="從" Column4="Từ Ngày" />
    <Row3 Column0="label2" Column1="Cost Center" Column2="成本中心" Column3="成本中心" Column4="Trung tâm chi phí" />
    <Row4 Column0="label5" Column1="Materials No" Column2="物料号" Column3="物料號" Column4="Mã vật phẩm" />
    <Row5 Column0="label7" Column1="Plant" Column2="工厂" Column3="工廠" Column4="Nhà máy" />
    <Row6 Column0="label9" Column1="Batch" Column2="批次" Column3="批次" Column4="Lô hàng" />
    <Row7 Column0="lbStatus" Column1="State" Column2="状态" Column3="狀態" Column4="Trạng thái" />
    <Row8 Column0="lbBarcode" Column1="BarCode" Column2="条码" Column3="條碼" Column4="Mã vạch" />
    <Row9 Column0="lbUserID" Column1="User ID" Column2="员工号" Column3="員工號" Column4="Mã nhân viên" />
  </DataTable>
</Form>